id,posted_date,price,price_per_sq_ft,currency,location,company_name,carpet_area,land_area_unit,balconies,bathrooms,facing,floors,city_name,bedrooms,address,covered_area,carp_area_unit,cov_area_unit,operating_since
83200839,2026-03-22T01:04:51.000Z,11000000,,₹,"12.3444096,76.6029819",,2100,,4,4,East,,Mysore,3,"Mysore, Karnataka",,,,
79122129,2026-03-07T07:05:00.000Z,8000000,6667,₹,"12.2975,76.595306",,,,,2,,5,Mysore,2,"Mysore, Karnataka",1200,,12800,
82439675,2026-03-22T17:07:36.000Z,14000000,9333,₹,"12.2655758,76.6441591",,1200,,,3,South,,Mysore,2,"Mysore, Karnataka",1500,,12800,
82736623,2026-03-24T23:31:10.000Z,8000000,6667,₹,"12.2844023,76.6111287",,1000,,2,2,West,3,Mysore,2,"Mysore, Karnataka",1200,,12800,
83437329,2026-02-17T04:26:46.000Z,12500000,10417,₹,"12.30864914,76.70126043",,1180,,1,2,South - East,,Mysore,3,"Mysore, Karnataka",1200,,12800,
82792369,2026-03-21T23:31:57.000Z,10312000,8000,₹,"12.3052971,76.6831397",,1200,,3,2,East,5,Mysore,3,"Mysore, Karnataka",1289,,12800,
83572537,2026-03-18T23:32:08.000Z,21000000,14000,₹,"12.3053563331813,76.6929543794215",,,12850,,3,West,,Mysore,3,"Mysore, Karnataka",1500,,12800,
80865729,2026-03-24T23:31:29.000Z,14000000,8685,₹,"12.3053563331813,76.6929543794215",,1018,,3,3,East,10,Mysore,3,"Mysore, Karnataka",1612,,12800,
78458111,2026-01-29T22:30:34.000Z,8000000,6349,₹,"12.2655758,76.6441591",,,,2,3,East,3,Mysore,3,"Mysore, Karnataka",1260,,12800,
79640379,2026-03-14T21:33:43.000Z,7200000,7912,₹,"12.2655758,76.6441591",,,,1,2,West,5,Mysore,2,"Mysore, Karnataka",910,,12800,
81912497,2026-03-21T23:35:52.000Z,6400000,6148,₹,"12.317059,76.6058412",,836,,2,2,North,3,Mysore,2,"Mysore, Karnataka",1041,,12800,
45423233,2026-02-15T16:37:59.000Z,5500000,4074,₹,"12.3053563331813,76.6929543794215",,1350,,2,3,North,5,Mysore,3,"Mysore, Karnataka",1350,,12800,
83676563,2026-03-14T08:22:21.000Z,25000000,,₹,"12.302502,76.592142",,4400,,4,6,,,Mysore,6,"Mysore, Karnataka",,,,
83481065,2026-03-21T23:53:08.000Z,7700000,10267,₹,"12.317059,76.6058412",,,12850,1,3,South - East,,Mysore,3,"Mysore, Karnataka",750,,12800,
83161917,2026-03-25T23:31:30.000Z,9000000,7500,₹,"12.271638,76.713879",,,,,3,,,Mysore,3,"Mysore, Karnataka",1200,,12800,
80345311,2026-03-25T23:43:44.000Z,5400000,4337,₹,"12.2655758,76.6441591",,1245,,2,2,East,4,Mysore,2,"Mysore, Karnataka",1245,,12800,
82908607,2026-03-25T23:42:04.000Z,7239540,6779,₹,"12.305273,76.612646",,804,,1,2,North - East,3,Mysore,2,"Mysore, Karnataka",1068,,12800,
83653895,2026-03-25T23:31:09.000Z,12000000,6000,₹,"12.3052971,76.6831397",,,,1,4,North,,Mysore,3,"Mysore, Karnataka",2000,,12800,
82241037,2026-03-25T23:31:17.000Z,3980000,4975,₹,"12.25311,76.71413",,,12850,,1,East,,Mysore,2,"Mysore, Karnataka",800,,12800,
81312945,2026-03-25T23:46:32.000Z,10500000,,₹,"12.317059,76.6058412",,600,,3,1,North,,Mysore,2,"Mysore, Karnataka",,,,
81609577,2026-03-25T23:34:30.000Z,55000000,7857,₹,"12.304933,76.621422",,4500,,2,5,,,Mysore,4,"Mysore, Karnataka",7000,,12800,
83518147,2026-03-25T23:36:35.000Z,10500000,7000,₹,"12.302502,76.592142",,,12850,1,3,West,,Mysore,3,"Mysore, Karnataka",1500,,12800,
73875113,2026-03-18T21:30:35.000Z,10500000,8294,₹,"12.3052971,76.6831397",,,,2,2,East,10,Mysore,2,"Mysore, Karnataka",1266,,12800,
83272021,2026-03-21T23:35:17.000Z,32000000,12121,₹,"12.1203701,76.6757342",,,,,4,,7,Mysore,4,"Mysore, Karnataka",2640,,12800,
83887527,2026-03-21T06:30:03.000Z,2500000,3477,₹,"12.3507162536586,76.6018245686587",,,,,1,North,4,Mysore,2,"Mysore, Karnataka",719,,12800,
66706331,2026-02-20T21:31:13.000Z,23000000,9914,₹,"12.2888733,76.6340511",,,,,6,North,1,Mysore,5,"Mysore, Karnataka",2320,,12800,
82933333,2026-03-03T23:41:43.000Z,9000000,4390,₹,"12.370049,76.624391",,1200,,1,3,East,,Mysore,3,"Mysore, Karnataka",2050,,12800,
83702253,2026-03-15T18:36:40.000Z,13800000,13269,₹,"12.2655758,76.6441591",,1040,12850,,3,North,,Mysore,3,"Mysore, Karnataka",1040,,12800,
78948783,2026-03-21T23:44:46.000Z,4400000,11282,₹,"12.350102,76.603722",,,,1,1,North,,Mysore,1,"Mysore, Karnataka",390,,12800,
82966069,2026-03-18T23:32:23.000Z,9200000,5732,₹,"12.3352893,76.5982997",,,,3,3,East,4,Mysore,3,"Mysore, Karnataka",1605,,12800,
81506473,2026-03-21T23:53:13.000Z,9300000,5636,₹,"12.32686,76.6951",,1350,,3,3,East,3,Mysore,3,"Mysore, Karnataka",1650,,12800,
83703197,2026-03-25T23:33:46.000Z,8250000,6875,₹,,,900,12850,1,1,East,,Mysore,2,"Mysore, Karnataka",1200,,12800,
83821321,2026-03-17T09:42:29.000Z,11500000,4792,₹,"12.3452906,76.5718852",,2400,,,3,East,,Mysore,4,"Mysore, Karnataka",2400,,12800,
80169681,2026-03-24T13:51:56.000Z,7800000,5571,₹,"12.302502,76.592142",,,,2,3,East,8,Mysore,3,"Mysore, Karnataka",1400,,12800,
67796395,2026-03-25T07:06:54.000Z,2750000,2750,₹,"12.3156357586983,76.6509123564423",,,,,2,,,Mysore,2,"Mysore, Karnataka",1000,,12800,
81701965,2026-03-23T22:30:32.000Z,13000000,5000,₹,"12.296692,76.7021",,1200,,2,4,East,3,Mysore,6,"Mysore, Karnataka",2600,,12800,
67796399,2026-03-25T07:06:58.000Z,3800000,3220,₹,"12.3156357586983,76.6509123564423",,,,,2,,,Mysore,2,"Mysore, Karnataka",1180,,12800,
67794257,2026-03-25T06:34:52.000Z,4170000,4170,₹,"12.3302691,76.640873",,,,,1,,,Mysore,1,"Mysore, Karnataka",1000,,12800,
67794251,2026-03-25T06:34:49.000Z,7510000,4172,₹,"12.3302691,76.640873",,600,,,3,,,Mysore,6,"Mysore, Karnataka",1800,,12800,
67794249,2026-03-25T06:34:46.000Z,2750000,2750,₹,"12.3302691,76.640873",,,,,2,,,Mysore,2,"Mysore, Karnataka",1000,,12800,
67794933,2026-03-25T06:43:58.000Z,8340000,4170,₹,"12.274067,76.642783",,,,,2,,,Mysore,3,"Mysore, Karnataka",2000,,12800,
67794929,2026-03-25T06:43:55.000Z,6800000,,₹,"12.274067,76.642783",,,,,2,,,Mysore,2,"Mysore, Karnataka",,,,
64108965,2026-03-23T22:30:28.000Z,9600000,4800,₹,"12.3507162536586,76.6018245686587",,,,,4,,2,Mysore,5,"Mysore, Karnataka",2000,,12800,
67765869,2026-03-24T09:46:18.000Z,5780000,2752,₹,"12.3239121,76.6263136",,,,,3,,,Mysore,3,"Mysore, Karnataka",2100,,12800,
67765867,2026-03-24T09:46:13.000Z,3210000,2755,₹,"12.3239121,76.6263136",,,,,2,,,Mysore,2,"Mysore, Karnataka",1165,,12800,
67765865,2026-03-24T09:46:09.000Z,12000000,6000,₹,"12.3239121,76.6263136",,,,,3,,,Mysore,3,"Mysore, Karnataka",2000,,12800,
67765861,2026-03-24T09:46:04.000Z,5500000,2750,₹,"12.3239121,76.6263136",,,,,3,,,Mysore,3,"Mysore, Karnataka",2000,,12800,
67765853,2026-03-24T09:45:48.000Z,10010000,4171,₹,"12.317383,76.6979744",,,,,3,,,Mysore,5,"Mysore, Karnataka",2400,,12800,
67768747,2026-03-24T10:46:42.000Z,7920000,4168,₹,"12.3255434,76.6954554",,,,,3,,,Mysore,3,"Mysore, Karnataka",1900,,12800,
67791423,2026-03-25T05:57:56.000Z,5000000,4167,₹,"12.3301817,76.6617164",,,,,2,,,Mysore,3,"Mysore, Karnataka",1200,,12800,
79126193,2026-02-27T22:30:38.000Z,5000000,,₹,"12.370049,76.624391",,800,12850,1,2,East,,Mysore,2,"Mysore, Karnataka",,,,
67762431,2026-03-24T08:38:34.000Z,3499000,1458,₹,"12.1228656,76.6936046",,,,,1,,,Mysore,2,"Mysore, Karnataka",2400,,12800,
67762207,2026-03-24T08:34:01.000Z,7510000,4172,₹,"12.2958104,76.6393805",,,,,4,,,Mysore,5,"Mysore, Karnataka",1800,,12800,
67761181,2026-03-24T08:14:02.000Z,4800000,4174,₹,"12.2994269,76.5905267",,,,,2,,,Mysore,2,"Mysore, Karnataka",1150,,12800,
81014369,2026-03-13T23:36:28.000Z,17400000,5731,₹,"12.3444096,76.6029819",,2530,,5,5,North,4,Mysore,4,"Mysore, Karnataka",3036,,12800,
67762201,2026-03-24T08:33:58.000Z,2500000,4167,₹,"12.2958104,76.6393805",,600,,,1,,,Mysore,2,"Mysore, Karnataka",600,,12800,
67762199,2026-03-24T08:33:54.000Z,5000000,4167,₹,"12.2958104,76.6393805",,,,,3,,,Mysore,3,"Mysore, Karnataka",1200,,12800,
39145253,2026-03-12T22:30:36.000Z,2700000,4500,₹,,,600,,,1,,1,Mysore,1,"Mysore, Karnataka",600,,12800,
80233303,2026-03-23T22:30:31.000Z,63000000,14318,₹,"12.3283641,76.6398272",,,,1,3,North,2,Mysore,3,"Mysore, Karnataka",4400,,12800,
67764129,2026-03-24T09:11:36.000Z,11680000,4171,₹,"12.2943421,76.6971561",,,,,5,,,Mysore,5,"Mysore, Karnataka",2800,,12800,
74654045,2026-01-16T21:30:44.000Z,15500000,9118,₹,"12.3433924,76.654661",,1700,,2,3,North - East,4,Mysore,3,"Mysore, Karnataka",1700,,12800,
83043383,2026-01-19T15:46:42.000Z,18500000,5000,₹,"12.317059,76.6058412",,1200,,1,4,,,Mysore,4,"Mysore, Karnataka",3700,,12800,
64990317,2026-03-21T22:30:36.000Z,6300000,3684,₹,"12.302502,76.592142",,1650,,4,3,East,8,Mysore,3,"Mysore, Karnataka",1710,,12800,
83661507,2026-03-07T08:49:44.000Z,32000000,118912,₹,"12.3335199,76.6117927",,,,,3,,,Mysore,4,"Mysore, Karnataka",25,,12801,
74892781,2026-03-19T22:30:41.000Z,9900000,5351,₹,"12.370049,76.624391",,,,,3,,,Mysore,3,"Mysore, Karnataka",1850,,12800,
76356733,2026-02-25T22:30:45.000Z,4800000,5647,₹,"12.2992584,76.6358516",,750,,1,2,West,3,Mysore,2,"Mysore, Karnataka",850,,12800,
64967539,2026-03-22T22:30:34.000Z,5000000,5000,₹,"12.3433924,76.654661",,,,,2,,4,Mysore,2,"Mysore, Karnataka",1000,,12800,
76463193,2026-03-16T22:30:48.000Z,15000000,8082,₹,"12.323819,76.683033",,,,,1,North,,Mysore,2,"Mysore, Karnataka",1856,,12800,
70051675,2025-12-07T21:33:19.000Z,4800000,8000,₹,"12.285664,76.614585",,,,,,,,Mysore,2,"Mysore, Karnataka",600,,12800,
83931029,2026-03-25T06:25:10.000Z,7500000,,₹,"12.2958104,76.6393805",,1100,,,2,,3,Mysore,2,"Mysore, Karnataka",,,,
72848323,2026-03-11T22:30:39.000Z,7500000,6250,₹,"12.32686,76.6951",,1200,12850,1,3,South,2,Mysore,3,"Mysore, Karnataka",1200,,12800,
83845251,2026-03-19T06:25:11.000Z,17000000,14167,₹,"12.334902,76.683128",,,,,2,,,Mysore,3,"Mysore, Karnataka",1200,,12800,
83851585,2026-03-19T08:09:13.000Z,7000000,11667,₹,"12.2655758,76.6441591",,,12850,1,1,,,Mysore,2,"Mysore, Karnataka",,,,
64111179,2026-02-20T21:30:40.000Z,14500000,11846,₹,"12.3053563331813,76.6929543794215",,1100,,1,3,West,,Mysore,3,"Mysore, Karnataka",1224,,12800,
67791421,2026-03-25T05:57:55.000Z,3650000,4171,₹,"12.3301817,76.6617164",,875,,,2,,,Mysore,2,"Mysore, Karnataka",875,,12800,
78037349,2026-03-01T21:33:22.000Z,21500000,17917,₹,"12.3238989,76.5977657",,1200,,1,4,,,Mysore,4,"Mysore, Karnataka",1200,,12800,
83809095,2026-03-16T14:13:05.000Z,35000000,29167,₹,"12.3475882,76.6190911",,,,2,5,,3,Mysore,5,"Mysore, Karnataka",1200,,12800,
80889135,2026-03-02T05:09:52.000Z,20500000,17083,₹,"12.3238989,76.5977657",,2400,,1,4,West,2,Mysore,4,"Mysore, Karnataka",1200,,12800,
81397065,2025-12-12T23:33:25.000Z,15000000,7143,₹,"12.2844023,76.6111287",,,12850,,4,North,,Mysore,5,"Mysore, Karnataka",2100,,12800,
83886083,2026-03-21T05:35:43.000Z,9200000,9808,₹,"12.3452906,76.5718852",,,,1,2,East,9,Mysore,2,"Mysore, Karnataka",938,,12800,
68041483,2026-03-19T13:53:07.000Z,14500000,12083,₹,"12.2943421,76.6971561",,,,,2,,,Mysore,2,"Mysore, Karnataka",1200,,12800,
82871271,2026-03-23T23:31:29.000Z,6400000,4748,₹,"12.3507162536586,76.6018245686587",,,,1,2,,4,Mysore,2,"Mysore, Karnataka",1348,,12800,
80518963,2026-03-03T22:30:39.000Z,7800000,6414,₹,"12.3238989,76.5977657",,,,,2,,,Mysore,2,"Mysore, Karnataka",1216,,12800,
82309329,2026-03-22T23:31:14.000Z,7500000,5678,₹,"12.3352893,76.5982997",,1001,,1,3,,3,Mysore,3,"Mysore, Karnataka",1321,,12800,
68044479,2026-03-19T15:34:02.000Z,25000000,10000,₹,"12.3303842,76.6075435",,,,,3,,,Mysore,3,"Mysore, Karnataka",2500,,12800,
68045687,2026-03-19T16:22:29.000Z,10000000,4167,₹,"12.296229,76.701386",,,,,1,,,Mysore,1,"Mysore, Karnataka",2400,,12800,
68024443,2026-03-19T07:32:59.000Z,13000000,6500,₹,"12.274067,76.642783",,,,,2,,,Mysore,3,"Mysore, Karnataka",2000,,12800,
68024441,2026-03-19T07:32:55.000Z,6800000,5667,₹,"12.274067,76.642783",,,,,2,,,Mysore,2,"Mysore, Karnataka",1200,,12800,
68023193,2026-03-19T07:13:02.000Z,8000000,4706,₹,"12.3126542,76.6584173",,,,,2,,,Mysore,2,"Mysore, Karnataka",1700,,12800,
68022711,2026-03-19T07:04:51.000Z,12500000,4167,₹,"12.284502,76.6022778",,,,,6,,,Mysore,5,"Mysore, Karnataka",3000,,12800,
68022317,2026-03-19T06:59:01.000Z,8000000,9697,₹,"12.3322462,76.6600802",,,,,4,,,Mysore,5,"Mysore, Karnataka",825,,12800,
81908173,2026-03-21T06:00:53.000Z,22500000,9000,₹,"12.2655758,76.6441591",,,,,3,,,Mysore,4,"Mysore, Karnataka",2500,,12800,
81907439,2026-03-13T23:33:18.000Z,11500000,12366,₹,"12.2940942,76.6405492",,,12850,,2,,1,Mysore,2,"Mysore, Karnataka",930,,12800,
70268753,2026-03-17T22:30:41.000Z,5000000,,₹,"12.1574177,76.5213648",,1150,,1,2,,4,Mysore,2,"Mysore, Karnataka",,,,
83765489,2026-03-13T09:35:36.000Z,7800000,6500,₹,"12.9796538,77.5644014",,1100,,1,2,,,Mysore,4,"Mysore, Karnataka",1200,,12800,
68016789,2026-03-19T05:49:13.000Z,12000000,6000,₹,"12.2958104,76.6393805",,,,,2,,2,Mysore,3,"Mysore, Karnataka",2000,,12800,
68016781,2026-03-19T05:49:08.000Z,11200000,5600,₹,"12.2958104,76.6393805",,,,,3,,5,Mysore,3,"Mysore, Karnataka",2000,,12800,
73231335,2026-01-17T05:28:48.000Z,7500000,5000,₹,"12.3210448,76.6711058",,1350,,1,3,East,,Mysore,3,"Mysore, Karnataka",1500,,12800,
59032775,2026-01-24T22:30:31.000Z,13000000,6667,₹,"12.2975,76.595306",,,,1,3,East,1,Mysore,3,"Mysore, Karnataka",1950,,12800,
80484429,2026-01-26T18:04:02.000Z,15000000,8333,₹,"12.3038533,76.661182",,,,2,3,,4,Mysore,3,"Mysore, Karnataka",1800,,12800,
68015647,2026-03-19T05:36:53.000Z,5257000,5031,₹,"12.2971083,76.6448811",,,,,2,,4,Mysore,2,"Mysore, Karnataka",1045,,12800,
68015645,2026-03-19T05:36:52.000Z,5200000,4127,₹,"12.2971083,76.6448811",,,,,2,,4,Mysore,2,"Mysore, Karnataka",1260,,12800,
68015641,2026-03-19T05:36:50.000Z,28500000,21923,₹,"12.3038533,76.661182",,,,,2,,,Mysore,3,"Mysore, Karnataka",1300,,12800,
68015639,2026-03-19T05:36:49.000Z,10000000,5319,₹,"12.3038533,76.661182",,,,,3,,4,Mysore,3,"Mysore, Karnataka",1880,,12800,
68015637,2026-03-19T05:36:47.000Z,8500000,6746,₹,"12.3038533,76.661182",,,,,2,,4,Mysore,2,"Mysore, Karnataka",1260,,12800,
81886565,2025-12-13T22:30:32.000Z,3500000,5833,₹,"12.293434,76.6146235",,600,,1,1,,2,Mysore,1,"Mysore, Karnataka",600,,12800,
73111109,2026-03-24T21:32:12.000Z,7600000,6080,₹,"12.2655758,76.6441591",,799,,3,2,,4,Mysore,3,"Mysore, Karnataka",1250,,12800,
83074689,2026-02-26T22:30:36.000Z,9000000,5263,₹,"12.302502,76.592142",,1510,,5,3,,8,Mysore,3,"Mysore, Karnataka",1710,,12800,
81841025,2026-03-07T22:30:36.000Z,16000000,7619,₹,"12.2716479,76.6253865",,1800,,2,3,East,1,Mysore,3,"Mysore, Karnataka",2100,,12800,
83073873,2026-03-20T22:30:35.000Z,24000000,10000,₹,"12.2844023,76.6111287",,2000,,1,3,North,,Mysore,3,"Mysore, Karnataka",2400,,12800,
83514331,2026-02-22T14:38:52.000Z,10000000,8333,₹,"12.3335199,76.6117927",,1000,,1,2,East,2,Mysore,3,"Mysore, Karnataka",1200,,12800,
78733579,2026-03-08T22:30:31.000Z,25000000,20492,₹,"12.2992584,76.6358516",,1220,,1,3,North,,Mysore,4,"Mysore, Karnataka",1220,,12800,
83819257,2026-03-17T07:46:36.000Z,11300000,9417,₹,"12.3055511566327,76.6068842192722",,1000,,1,3,South,,Mysore,2,"Mysore, Karnataka",1200,,12800,
81601179,2026-02-28T22:30:40.000Z,2400003,3478,₹,,,690,,1,1,East,5,Mysore,1,"Mysore, Karnataka",690,,12800,
79898769,2026-03-02T22:30:40.000Z,6800000,206061,₹,"12.2838441,76.6456031",,25,,1,2,South,,Mysore,2,"Mysore, Karnataka",33,,12800,
73871705,2026-03-12T21:30:36.000Z,13500000,,₹,"12.2655758,76.6441591",,2600,,1,3,East,,Mysore,3,"Mysore, Karnataka",,,,
79940317,2026-02-26T14:04:50.000Z,11100000,9250,₹,"12.3055511566327,76.6068842192722",,1000,,1,3,South,,Mysore,2,"Mysore, Karnataka",1200,,12800,
80769285,2026-01-27T22:30:40.000Z,3700000,8043,₹,"12.298807,76.613474",,,12850,1,1,West,,Mysore,1,"Mysore, Karnataka",460,,12800,
81488389,2026-03-09T22:30:38.000Z,14000000,5833,₹,"12.271638,76.713879",,,12850,2,7,,,Mysore,5,"Mysore, Karnataka",2400,,12800,
82665327,2026-03-13T22:30:42.000Z,12500000,10417,₹,"12.2844023,76.6111287",,,,,2,South,,Mysore,2,"Mysore, Karnataka",1200,,12800,
81488635,2026-03-23T21:30:37.000Z,14000000,5833,₹,"12.271638,76.713879",,,12850,2,7,East,,Mysore,5,"Mysore, Karnataka",2400,,12800,
68195793,2026-03-20T15:34:21.000Z,6900000,4859,₹,"12.3496072,76.6304409",,,,,2,,8,Mysore,2,"Mysore, Karnataka",1420,,12800,
68195789,2026-03-20T15:34:17.000Z,4500000,5696,₹,"12.370049,76.624391",,,,,1,,8,Mysore,1,"Mysore, Karnataka",790,,12800,
79887309,2026-03-06T17:43:00.000Z,4500000,7500,₹,"12.323819,76.683033",,,,1,2,East,2,Mysore,2,"Mysore, Karnataka",600,,12800,
71323169,2026-03-23T10:43:18.000Z,40000000,10000,₹,"12.341544,76.666736",,,,,5,,2,Mysore,3,"Mysore, Karnataka",4000,,12800,
82124343,2026-03-18T21:30:35.000Z,13000000,18056,₹,"12.28711284,76.63083502",,600,,3,3,North - West,,Mysore,5,"Mysore, Karnataka",720,,12800,
67399103,2026-03-24T21:33:48.000Z,70000000,17500,₹,"12.3052971,76.6831397",,4500,12850,3,3,North,2,Mysore,3,"Mysore, Karnataka",4000,,12800,
35140731,2026-01-06T22:30:24.000Z,20000000,8333,₹,"12.2716479,76.6253865",,45000,12800,,4,North - East,2,Mysore,4,"Mysore, Karnataka",,,,
80912383,2026-03-04T22:30:36.000Z,8000000,266667,₹,"12.285664,76.614585",,20,,1,2,,,Mysore,3,"Mysore, Karnataka",30,,12800,
53404233,2026-03-24T13:51:58.000Z,7800000,13000,₹,"12.33397,76.68405",,,,2,3,,3,Mysore,5,"Mysore, Karnataka",600,,12800,
83631417,2026-03-04T02:17:07.000Z,30670500,8050,₹,"12.33966606,76.63514742",,1275,,1,1,,,Mysore,3,"Mysore, Karnataka",3810,,12800,
52714239,2025-12-23T22:30:32.000Z,10000000,4545,₹,"12.2416178,76.6424017",,,,,3,,1,Mysore,3,"Mysore, Karnataka",2200,,12800,
83899943,2026-03-22T09:11:31.000Z,12500000,4464,₹,"12.18991299,77.02950654",,2000,,1,3,,,Mysore,5,"Mysore, Karnataka",2800,,12800,
62098939,2026-02-25T22:30:43.000Z,3900000,3900,₹,,,800,,1,2,North - East,1,Mysore,3,"Mysore, Karnataka",1000,,12800,
30485937,2026-03-21T16:41:03.000Z,5000000,4032,₹,"12.323819,76.683033",,,,1,3,,,Mysore,3,"Mysore, Karnataka",1240,,12800,
82941561,2026-01-11T13:36:07.000Z,2700000,2700,₹,"12.293434,76.6146235",,750,,1,1,North,2,Mysore,2,"Mysore, Karnataka",1000,,12800,
82692991,2026-03-13T23:35:59.000Z,4400000,5867,₹,"12.370049,76.624391",,750,,1,2,East,2,Mysore,2,"Mysore, Karnataka",750,,12800,
83905517,2026-03-23T05:37:23.000Z,28000000,4667,₹,"12.336704,76.525374",,1500,,7,5,South -West,,Mysore,6,"Mysore, Karnataka",6000,,12800,
67755727,2026-03-24T06:50:59.000Z,40000000,6579,₹,"12.2940942,76.6405492",,,,,2,,,Mysore,3,"Mysore, Karnataka",6080,,12800,
67755715,2026-03-24T06:50:48.000Z,8130000,4171,₹,"12.2838681,76.6531835",,,,,1,,,Mysore,2,"Mysore, Karnataka",1949,,12800,
67755703,2026-03-24T06:50:36.000Z,2970000,2750,₹,"12.3420829,76.6340511",,,,,2,,,Mysore,2,"Mysore, Karnataka",1080,,12800,
67755697,2026-03-24T06:50:33.000Z,11200000,4882,₹,"12.3420829,76.6340511",,,12850,,3,,,Mysore,3,"Mysore, Karnataka",2294,,12800,
67755687,2026-03-24T06:50:24.000Z,5000000,4167,₹,"12.3420829,76.6340511",,,,,1,,,Mysore,1,"Mysore, Karnataka",1200,,12800,
67755675,2026-03-24T06:50:17.000Z,14180000,4171,₹,"12.332169,76.612644",,,12850,,4,,,Mysore,4,"Mysore, Karnataka",3400,,12800,
67755671,2026-03-24T06:50:14.000Z,7090000,4171,₹,"12.332169,76.612644",,,12850,,3,,,Mysore,4,"Mysore, Karnataka",1700,,12800,
83825187,2026-03-17T12:08:13.000Z,10800000,6000,₹,"12.2874031,76.603235",,1600,,2,3,North - West,,Mysore,4,"Mysore, Karnataka",1800,,12800,
67755731,2026-03-24T06:51:01.000Z,8700000,9943,₹,"12.2940942,76.6405492",,875,,,4,,,Mysore,3,"Mysore, Karnataka",875,,12800,
66051377,2026-03-21T16:41:23.000Z,3800000,6333,₹,,,,,,2,North,1,Mysore,2,"Mysore, Karnataka",600,,12800,
83781587,2026-03-15T12:44:12.000Z,25000000,5435,₹,"12.2716479,76.6253865",,,,1,4,East,2,Mysore,6,"Mysore, Karnataka",4600,,12800,
78525781,2026-03-10T21:33:10.000Z,20000000,10194,₹,"12.3283641,76.6398272",,1650,,4,3,North,4,Mysore,3,"Mysore, Karnataka",1962,,12800,
83930891,2026-03-25T06:20:13.000Z,10500000,9545,₹,"12.3448385,76.5840034",,,,,2,,9,Mysore,2,"Mysore, Karnataka",1100,,12800,
66634343,2026-03-04T22:30:35.000Z,12000000,10000,₹,"12.2655758,76.6441591",,,,,5,,3,Mysore,5,"Mysore, Karnataka",1200,,12800,
83941437,2026-03-25T14:20:51.000Z,9000000,5294,₹,"12.316337,76.654131",,550,,2,5,West,,Mysore,6,"Mysore, Karnataka",1700,,12800,
67946643,2026-03-26T13:31:18.000Z,6107400,4517,₹,"12.302393,76.644127",,,,,2,,,Mysore,3,"Mysore, Karnataka",1352,,12800,
67946641,2026-03-26T13:31:13.000Z,13000000,282609,₹,"12.302393,76.644127",,,,,1,,3,Mysore,2,"Mysore, Karnataka",46,,12800,
67946635,2026-03-26T13:31:02.000Z,4200000,5250,₹,"12.302393,76.644127",,,12850,,2,,,Mysore,2,"Mysore, Karnataka",800,,12800,
67950607,2026-03-26T15:08:36.000Z,9000000,5556,₹,"12.323731,76.632382",,,,,2,,5,Mysore,3,"Mysore, Karnataka",1620,,12800,
67950605,2026-03-26T15:08:32.000Z,8200000,3417,₹,"12.323731,76.632382",,,,,4,,,Mysore,7,"Mysore, Karnataka",2400,,12800,
67950597,2026-03-26T15:08:23.000Z,10000000,4167,₹,"12.296229,76.701386",,,,,1,,,Mysore,1,"Mysore, Karnataka",2400,,12800,
67950623,2026-03-26T15:08:53.000Z,4800000,8000,₹,"12.305273,76.612646",,,,,1,,,Mysore,2,"Mysore, Karnataka",600,,12800,
67950619,2026-03-26T15:08:48.000Z,5500000,4783,₹,"12.323731,76.632382",,,,,2,,5,Mysore,2,"Mysore, Karnataka",1150,,12800,
67950615,2026-03-26T15:08:44.000Z,17500000,13548,₹,"12.323731,76.632382",,,,,4,,,Mysore,4,"Mysore, Karnataka",120,,12801,
67952055,2026-03-26T15:36:03.000Z,18000000,15000,₹,"12.317978,76.691702",,,,,4,,,Mysore,4,"Mysore, Karnataka",1200,,12800,
67952039,2026-03-26T15:35:46.000Z,4800000,8000,₹,"12.317978,76.691702",,,,,4,,,Mysore,4,"Mysore, Karnataka",600,,12800,
62500443,2026-03-25T22:30:43.000Z,20000000,11111,₹,"12.3335199,76.6117927",,1800,12850,1,4,South - East,2,Mysore,4,"Mysore, Karnataka",1800,,12800,
68533103,2026-03-25T22:30:43.000Z,16128000,8000,₹,"12.3001258,76.6470017",,,,,2,,2,Mysore,5,"Mysore, Karnataka",2016,,12800,
82934977,2026-01-10T18:13:24.000Z,12500000,8772,₹,,,,,,2,,,Mysore,2,"Mysore, Karnataka",1425,,12800,
83542805,2026-02-25T04:28:22.000Z,21500000,5375,₹,"12.285664,76.614585",,1902,,2,3,North - West,,Mysore,4,"Mysore, Karnataka",4000,,12800,
80976057,2025-12-29T21:30:43.000Z,14000000,11667,₹,"12.2655758,76.6441591",,1200,,1,2,North - East,1,Mysore,2,"Mysore, Karnataka",1200,,12800,
80187539,2026-03-21T17:35:28.000Z,11498500,6500,₹,"12.1574177,76.5213648",Foundations Developers & Promoters,,,,3,,,Mysore,3,"Mysore, Karnataka",1769,,12800,
83012385,2026-01-17T06:33:59.000Z,9900000,9000,₹,"12.317059,76.6058412",,920,,1,2,East,,Mysore,3,"Mysore, Karnataka",1100,,12800,
82760223,2026-03-25T17:36:48.000Z,16400000,9287,₹,"12.2655758,76.6441591",Horizon Estates &  Developers India Pvt. Ltd.,1131,,,3,,,Mysore,3,"Mysore, Karnataka",1766,,12800,
69350683,2026-03-18T16:14:34.000Z,50000000,12500,₹,"12.2844023,76.6111287",,4000,,1,2,,,Mysore,4,"Mysore, Karnataka",4000,,12800,
83015293,2026-02-24T22:30:44.000Z,11500000,6053,₹,"12.3001258,76.6470017",,,12850,2,4,,,Mysore,4,"Mysore, Karnataka",1900,,12800,
72392357,2026-03-18T13:44:15.000Z,40000000,8889,₹,"12.2844023,76.6111287",Samatha Group,3500,,2,5,East,5,Mysore,4,"Mysore, Karnataka",4500,,12800,2006
76004669,2026-01-02T05:31:42.000Z,5200000,,₹,"12.2838441,76.6456031",,490,,,1,East,1,Mysore,1,"Mysore, Karnataka",,,,
35957173,2026-03-15T06:04:10.000Z,7084750,4250,₹,"12.3448385,76.5840034",,1073,,3,3,,8,Mysore,3,"Mysore, Karnataka",1667,,12800,
82198147,2026-03-16T23:45:37.000Z,13000000,8125,₹,"12.2874031,76.603235",,1450,,2,2,West,5,Mysore,3,"Mysore, Karnataka",1600,,12800,
57540597,2026-03-16T16:02:29.000Z,6000000,5000,₹,,,800,,1,4,,,Mysore,4,"Mysore, Karnataka",1200,,12800,
76335421,2025-12-22T22:30:36.000Z,25000000,5208,₹,"12.2655758,76.6441591",,,,,6,,3,Mysore,7,"Mysore, Karnataka",4800,,12800,
79461503,2026-03-02T22:30:40.000Z,8700000,7226,₹,"12.317059,76.6058412",,,,2,2,North - East,10,Mysore,2,"Mysore, Karnataka",1204,,12800,
82230429,2026-02-04T23:33:32.000Z,20000000,10000,₹,"12.302502,76.592142",,1900,12850,1,4,,,Mysore,4,"Mysore, Karnataka",2000,,12800,
80437513,2026-03-12T22:30:40.000Z,14000000,11667,₹,"12.2655758,76.6441591",,,12850,1,2,East,1,Mysore,2,"Mysore, Karnataka",1200,,12800,
56552681,2026-02-22T16:57:22.000Z,8500000,6296,₹,"12.3,76.65",,300,,,4,South - East,4,Mysore,5,"Mysore, Karnataka",1350,,12800,
83836171,2026-03-18T09:25:55.000Z,2500000,4167,₹,"12.2655758,76.6441591",,,,,1,,,Mysore,1,"Mysore, Karnataka",600,,12800,
79340763,2026-02-05T22:30:36.000Z,24000000,9792,₹,"12.2975,76.595306",,2000,,,3,South,,Mysore,3,"Mysore, Karnataka",2451,,12800,
57742391,2026-03-17T22:30:40.000Z,6500000,5856,₹,"12.3433924,76.654661",,,,,2,,4,Mysore,2,"Mysore, Karnataka",1110,,12800,
83062713,2026-01-21T07:11:42.000Z,4800000,4000,₹,,,1200,,,2,,,Mysore,2,"Mysore, Karnataka",1200,,12800,
69570239,2026-01-02T08:03:28.000Z,11500000,9583,₹,"12.285664,76.614585",,1400,,1,2,East,2,Mysore,4,"Mysore, Karnataka",1200,,12800,
79755521,2026-01-29T21:30:47.000Z,30000000,15907,₹,"12.3027304,76.631163",,,12850,2,3,,,Mysore,3,"Mysore, Karnataka",1886,,12800,
81415805,2026-03-16T22:30:50.000Z,15000000,,₹,"12.31603078,76.55450666",,3000,12850,4,3,,,Mysore,3,"Mysore, Karnataka",,,,
83598591,2026-02-28T15:03:12.000Z,20000000,8333,₹,"12.347134,76.6303843",,,,,2,,,Mysore,3,"Mysore, Karnataka",2400,,12800,
82593597,2026-03-13T23:31:17.000Z,36000000,15000,₹,"12.3433924,76.654661",,,,,4,East,,Mysore,7,"Mysore, Karnataka",2400,,12800,
82584991,2026-03-06T22:30:40.000Z,5600000,10980,₹,"12.275618,76.624097",,,,,2,,,Mysore,2,"Mysore, Karnataka",510,,12800,
81917991,2026-03-15T21:33:06.000Z,30000000,12500,₹,"12.2716479,76.6253865",,,,,4,,,Mysore,6,"Mysore, Karnataka",2400,,12800,
60221605,2026-03-19T16:27:57.000Z,7000000,1148,₹,"12.2992584,76.6358516",,1000,,,,North,4,Mysore,,"Mysore, Karnataka",6100,,12800,
79488083,2026-01-16T21:30:42.000Z,13000000,10833,₹,"12.35347693,76.67328042",,,,2,5,East,,Mysore,5,"Mysore, Karnataka",1200,,12800,
83862097,2026-03-19T09:22:50.000Z,33500000,16750,₹,,,,12850,,3,,,Mysore,3,"Mysore, Karnataka",2000,,12800,
14183777,2026-03-02T13:40:51.000Z,14000000,5385,₹,"12.33397,76.68405",,,12850,1,3,,,Mysore,3,"Mysore, Karnataka",2600,,12800,
76687169,2026-03-12T21:30:42.000Z,10000000,8333,₹,"12.2716479,76.6253865",,1150,,,2,,,Mysore,2,"Mysore, Karnataka",1200,,12800,
83095155,2026-03-25T17:36:48.000Z,29500000,7375,₹,"12.277743,76.700736",Shubham Samrudhi Infra Pvt Ltd,,,,4,,,Mysore,4,"Mysore, Karnataka",4000,,12800,
83237575,2026-02-03T09:56:19.000Z,5500000,,₹,"12.33397,76.68405",,600,,2,2,,,Mysore,2,"Mysore, Karnataka",,,,
83862349,2026-03-19T09:24:24.000Z,8000000,,₹,"12.302393,76.644127",,600,,1,1,,,Mysore,1,"Mysore, Karnataka",,,,
81836745,2026-03-16T16:02:37.000Z,7200000,,₹,"12.3496072,76.6304409",,1037,,1,2,,4,Mysore,2,"Mysore, Karnataka",,,,
83858977,2026-03-19T09:01:24.000Z,11000000,,₹,"12.3583458,76.531843",,1076,,1,2,,,Mysore,4,"Mysore, Karnataka",,,,
83588651,2026-02-28T04:56:26.000Z,9500000,7068,₹,"12.2716479,76.6253865",,,,1,2,South,,Mysore,4,"Mysore, Karnataka",1344,,12800,
82595821,2025-12-16T05:46:14.000Z,12500000,12077,₹,"12.2838441,76.6456031",,,,,2,,,Mysore,2,"Mysore, Karnataka",1035,,12800,
72812111,2026-03-18T22:30:37.000Z,16000000,9302,₹,"12.3444096,76.6029819",,,,3,5,North - West,,Mysore,5,"Mysore, Karnataka",1720,,12800,
83788379,2026-03-15T06:31:10.000Z,25000000,8333,₹,"12.2991024,76.6853049",,2100,,2,3,East,3,Mysore,3,"Mysore, Karnataka",3000,,12800,
78720017,2025-12-06T21:30:49.000Z,5500000,,₹,"12.293434,76.6146235",,600,,1,1,South - East,,Mysore,1,"Mysore, Karnataka",,,,
83698417,2026-03-09T03:49:56.000Z,23000000,5610,₹,"12.3,76.65",,,,,5,,,Mysore,4,"Mysore, Karnataka",4100,,12800,
83709655,2026-03-09T14:52:28.000Z,22500000,10465,₹,"12.317059,76.6058412",,1850,12850,2,4,West,,Mysore,4,"Mysore, Karnataka",2150,,12800,
81490023,2025-12-13T22:30:32.000Z,6200000,5741,₹,"12.3242994,76.6235172",,900,,2,2,North - East,4,Mysore,2,"Mysore, Karnataka",1080,,12800,
83791341,2026-03-15T10:13:13.000Z,12000000,,₹,"12.2716479,76.6253865",,1200,,,2,,,Mysore,2,"Mysore, Karnataka",,,,
79825757,2026-01-21T22:30:34.000Z,13500000,6750,₹,"12.275618,76.624097",,,,,2,,2,Mysore,4,"Mysore, Karnataka",2000,,12800,
82639571,2026-01-25T22:30:30.000Z,11500000,17969,₹,"12.2874031,76.603235",,1800,,2,3,North - West,,Mysore,4,"Mysore, Karnataka",640,,12800,
83425499,2026-02-16T06:06:57.000Z,9000000,15000,₹,"12.3316919,76.6960943",,,,,2,,,Mysore,3,"Mysore, Karnataka",600,,12800,
83713427,2026-03-10T05:54:46.000Z,9000000,15000,₹,,,20,,1,3,North,,Mysore,3,"Mysore, Karnataka",600,,12800,
81579017,2026-03-17T22:30:43.000Z,8500000,6296,₹,"12.2975,76.595306",,1350,,3,3,North,8,Mysore,3,"Mysore, Karnataka",1350,,12800,
30357381,2026-02-15T21:32:56.000Z,9000000,6000,₹,,,,12850,,4,East,2,Mysore,4,"Mysore, Karnataka",1500,,12800,
62602091,2026-03-15T17:48:16.000Z,15000000,9375,₹,"12.3448385,76.5840034",,324,,,6,,,Mysore,6,"Mysore, Karnataka",1600,,12800,
82142403,2026-03-18T22:30:39.000Z,6000000,10000,₹,"12.2958104,76.6393805",,600,,,1,North,,Mysore,2,"Mysore, Karnataka",600,,12800,
75870279,2026-03-16T05:19:22.000Z,20000000,5000,₹,"12.370049,76.624391",,,,,6,,,Mysore,5,"Mysore, Karnataka",4000,,12800,
78516211,2026-01-19T22:30:33.000Z,16000000,6957,₹,"12.3433924,76.654661",,2300,12850,2,3,North,3,Mysore,5,"Mysore, Karnataka",2300,,12800,
79720745,2026-03-16T23:42:05.000Z,10500000,4565,₹,"12.2838681,76.6531835",,1780,,3,3,West,4,Mysore,3,"Mysore, Karnataka",2300,,12800,
80613279,2025-11-29T22:30:35.000Z,6500000,6019,₹,"12.3251339,76.631163",,950,,2,2,North - East,4,Mysore,2,"Mysore, Karnataka",1080,,12800,
83352419,2026-03-16T22:30:51.000Z,26000000,8125,₹,"12.317059,76.6058412",,,,,4,,,Mysore,5,"Mysore, Karnataka",3200,,12800,
82561015,2025-12-13T05:51:42.000Z,11500000,19167,₹,"12.285664,76.614585",,,,,4,,,Mysore,4,"Mysore, Karnataka",600,,12800,
82734645,2026-02-27T08:46:53.000Z,5600000,9333,₹,"12.277743,76.700736",,600,12800,1,2,North,,Mysore,2,"Mysore, Karnataka",600,,12800,
83432265,2026-02-16T11:18:14.000Z,13000000,5417,₹,"12.3055511566327,76.6068842192722",Cre8 Infracon,,12800,1,3,North,,Mysore,3,"Mysore, Karnataka",2400,,12800,
83177397,2026-01-30T06:37:41.000Z,9800000,8167,₹,"12.2655758,76.6441591",D J Consultants,1200,12800,,2,North - East,,Mysore,2,"Mysore, Karnataka",1200,,12800,
82769055,2026-03-02T12:20:50.000Z,7500000,,₹,"12.2659746,76.6371917",The Eagles,1087,,,2,East,4,Mysore,2,"Mysore, Karnataka",,,,2004
83640591,2026-03-05T02:38:10.000Z,110000000,27507,₹,"12.32243017,76.6063473",,4000,,,4,,,Mysore,3,"Mysore, Karnataka",3999,,12800,
83728611,2026-03-11T06:20:03.000Z,22000000,12695,₹,"12.3283641,76.6398272",Vhitehouse Construction & Realtor ,1350,,1,3,East,7,Mysore,3,"Mysore, Karnataka",1733,,12800,
83191765,2026-01-31T05:58:40.000Z,25000000,9259,₹,"12.2716479,76.6253865",Hanu Reddy Realty India Pvt. Ltd.,,12850,2,4,North,,Mysore,5,"Mysore, Karnataka",2700,,12800,
80222055,2026-03-14T11:22:10.000Z,23000000,10222,₹,"12.3251339,76.631163",,2250,,4,3,East,3,Mysore,,"Mysore, Karnataka",2250,,12800,
83187509,2026-01-30T13:51:15.000Z,21500000,10750,₹,"12.296692,76.7021",,,12850,,4,North - West,,Mysore,3,"Mysore, Karnataka",2000,,12800,
81608677,2026-02-08T02:29:41.000Z,20000000,16667,₹,"12.302502,76.592142",,1000,12850,1,3,West,2,Mysore,3,"Mysore, Karnataka",,,,
83061707,2026-03-18T23:37:36.000Z,7100000,6174,₹,"12.3333932,76.6282747",,1100,,1,2,West,3,Mysore,2,"Mysore, Karnataka",1150,,12800,
83354283,2026-02-11T06:27:19.000Z,22000000,18333,₹,"12.317059,76.6058412",Aspire Properties,,12850,,4,West,,Mysore,4,"Mysore, Karnataka",1200,,12800,2010
83748173,2026-03-23T23:45:22.000Z,9200000,9573,₹,"12.3452906,76.5718852",,,,1,2,West,9,Mysore,2,"Mysore, Karnataka",961,,12800,
82801835,2026-03-03T11:50:48.000Z,22500000,7759,₹,"12.317059,76.6058412",D K Properties,,12850,3,4,North - West,,Mysore,5,"Mysore, Karnataka",2900,,12800,
83738531,2026-03-11T12:29:50.000Z,11500000,10952,₹,"12.285664,76.614585",Arya Estates,,12850,1,2,South - East,,Mysore,2,"Mysore, Karnataka",1050,,12800,
83696235,2026-03-08T13:14:25.000Z,45000000,11250,₹,"12.3002963,76.5820544",Nakshe Property & Project Consultants,,12850,2,3,North - West,,Mysore,3,"Mysore, Karnataka",4000,,12800,2005
83878597,2026-03-20T11:10:55.000Z,21500000,8958,₹,"12.2716479,76.6253865",,2400,12800,3,3,East,,Mysore,3,"Mysore, Karnataka",2400,,12800,
83256719,2026-03-19T23:38:21.000Z,9500000,9500,₹,"12.317059,76.6058412",,,12850,1,2,North,,Mysore,4,"Mysore, Karnataka",1000,,12800,
82494673,2026-03-25T23:45:22.000Z,13500000,7500,₹,"12.317059,76.6058412",Aditya Township Promoters ,1600,12850,2,2,North,,Mysore,3,"Mysore, Karnataka",1800,,12800,2010
82710005,2026-03-23T23:45:21.000Z,25000000,5656,₹,"12.2971083,76.6448811",,3315,,2,6,West,4,Mysore,5,"Mysore, Karnataka",4420,,12800,
83167735,2026-01-29T10:37:49.000Z,31000000,5254,₹,"12.3316919,76.6960943",,,12850,3,4,North,,Mysore,4,"Mysore, Karnataka",5900,,12800,
82423213,2026-02-02T23:45:21.000Z,100000000,15625,₹,"12.3303842,76.6075435",,9000,,4,5,South -West,,Mysore,5,"Mysore, Karnataka",6400,,12800,
82399619,2026-03-24T23:44:50.000Z,35070000,7500,₹,"12.2844023,76.6111287",,3892,,2,4,East,5,Mysore,4,"Mysore, Karnataka",4676,,12800,
83715271,2026-03-10T07:28:41.000Z,11500000,7667,₹,"12.2874031,76.603235",,,12850,2,3,West,,Mysore,5,"Mysore, Karnataka",1500,,12800,
81513459,2026-03-13T07:28:29.000Z,130000000,10317,₹,"12.2838681,76.6531835",Acua Realtor,7000,,2,3,East,,Mysore,3,"Mysore, Karnataka",,,12800,
81626069,2026-03-08T23:39:20.000Z,7500000,6351,₹,"12.2971083,76.6448811",,,,2,2,East,4,Mysore,3,"Mysore, Karnataka",1181,,12800,
82735069,2026-01-27T05:44:47.000Z,12500000,10417,₹,"12.285664,76.614585",,1200,,,2,,,Mysore,2,"Mysore, Karnataka",1200,,12800,
83244997,2026-03-05T23:46:13.000Z,8500000,10625,₹,"12.317059,76.6058412",,800,,1,3,South -West,,Mysore,3,"Mysore, Karnataka",800,,12800,
82635491,2026-03-08T23:40:56.000Z,20500000,11389,₹,"12.347134,76.6303843",,,,,,,,Mysore,3,"Mysore, Karnataka",1800,,12800,
69598899,2026-02-13T08:41:33.000Z,6200000,3827,₹,"12.3626388,76.5840243",,,,,4,,3,Mysore,5,"Mysore, Karnataka",1620,,12800,
83643455,2026-03-05T06:20:01.000Z,20000000,6667,₹,"12.3444096,76.6029819",,,,,,,,Mysore,10,"Mysore, Karnataka",3000,,12800,
82984747,2026-01-15T05:05:44.000Z,16500000,8250,₹,,,1800,,1,3,East,,Mysore,3,"Mysore, Karnataka",2000,,12800,
80964839,2026-01-06T22:30:31.000Z,10000000,6667,₹,"12.285664,76.614585",,1500,,1,2,North,,Mysore,3,"Mysore, Karnataka",1500,,12800,
69870255,2026-02-12T09:09:08.000Z,9000000,5000,₹,"12.317059,76.6058412",,1750,,2,4,East,3,Mysore,4,"Mysore, Karnataka",1800,,12800,
82501625,2025-12-09T07:55:03.000Z,12000000,10000,₹,"12.32792,76.66425",,1150,,1,1,West,,Mysore,2,"Mysore, Karnataka",1200,,12800,
69848631,2026-03-08T16:07:00.000Z,4700000,156667,₹,"12.334902,76.683128",,25,,,2,,,Mysore,2,"Mysore, Karnataka",30,,12800,
81406123,2026-02-02T21:33:40.000Z,40000000,15385,₹,"12.3052971,76.6831397",,,,,3,,,Mysore,5,"Mysore, Karnataka",2600,,12800,
83693285,2026-03-08T09:14:55.000Z,21000000,5833,₹,"12.317059,76.6058412",,1500,,2,5,East,3,Mysore,5,"Mysore, Karnataka",3600,,12800,
83697923,2026-03-08T23:15:39.000Z,27500000,9821,₹,"12.302393,76.644127",,,,,4,,,Mysore,5,"Mysore, Karnataka",2800,,12800,
82583879,2025-12-15T08:24:43.000Z,13000000,8667,₹,"12.3027304,76.631163",,1500,,3,2,East,4,Mysore,3,"Mysore, Karnataka",1500,,12800,
17777703,2026-01-12T21:33:33.000Z,11000000,6695,₹,"12.3217046636908,76.6178268602498",,,12850,3,2,East,2,Mysore,3,"Mysore, Karnataka",1643,,12800,
83690473,2026-03-08T06:05:40.000Z,12000000,7509,₹,"12.25311,76.71413",,1300,,1,2,East,,Mysore,3,"Mysore, Karnataka",1598,,12800,
82562927,2026-03-10T22:30:39.000Z,65000000,54167,₹,"12.304672,76.703726",,,,,3,West,,Mysore,4,"Mysore, Karnataka",1200,,12800,
82573307,2026-01-31T22:30:34.000Z,31500000,10000,₹,"12.3333932,76.6282747",,,12850,,3,North,1,Mysore,3,"Mysore, Karnataka",,,,
83709165,2026-03-09T13:45:15.000Z,18000000,15000,₹,"12.3335199,76.6117927",,,,1,1,,,Mysore,2,"Mysore, Karnataka",1200,,12800,
79860857,2026-03-09T04:17:59.000Z,9500000,7917,₹,"12.271638,76.713879",,,,,2,,,Mysore,2,"Mysore, Karnataka",1200,,12800,
73745619,2025-12-11T21:30:43.000Z,5500000,5283,₹,"12.3433924,76.654661",,1041,,1,2,,3,Mysore,2,"Mysore, Karnataka",1041,,12800,
68909211,2025-12-15T07:07:04.000Z,12000000,,₹,"12.348358,76.626838",,30,,,6,,4,Mysore,2,"Mysore, Karnataka",,,,
83310291,2026-02-07T16:46:39.000Z,6000000,14286,₹,"12.3252562,76.647769",,,12850,,1,South,,Mysore,2,"Mysore, Karnataka",420,,12800,
31466335,2025-11-21T21:32:53.000Z,11500000,4792,₹,"12.2716479,76.6253865",,,12850,2,5,East,3,Mysore,5,"Mysore, Karnataka",2400,,12800,
82952767,2026-01-12T11:37:19.000Z,7500000,6148,₹,"12.1574177,76.5213648",,,,4,2,,5,Mysore,2,"Mysore, Karnataka",1220,,12800,
83711127,2026-03-09T23:00:45.000Z,11000000,7333,₹,"12.1203701,76.6757342",,,,,3,,15,Mysore,3,"Mysore, Karnataka",1500,,12800,
80796415,2026-02-22T22:30:38.000Z,9500000,1583,₹,"12.317059,76.6058412",,1200,,1,3,East,2,Mysore,3,"Mysore, Karnataka",6000,,12800,
81387027,2026-01-27T22:30:40.000Z,50000000,13889,₹,"12.3303842,76.6075435",,,12850,,4,East,,Mysore,3,"Mysore, Karnataka",3600,,12800,
83650401,2026-03-05T11:20:11.000Z,250000000,187688,₹,,,,,,1,,,Mysore,1,"Mysore, Karnataka",1332,,12800,
79252545,2026-02-25T21:31:39.000Z,20000000,10152,₹,"12.291186,76.652355",,1530,,2,2,East,7,Mysore,3,"Mysore, Karnataka",1970,,12800,
36985683,2026-02-07T21:30:35.000Z,4300000,3583,₹,"12.33397,76.68405",,1000,,,2,South,3,Mysore,3,"Mysore, Karnataka",1200,,12800,
82754153,2025-12-29T01:01:54.000Z,4500000,11250,₹,"12.350102,76.603722",,315,,,1,North,,Mysore,1,"Mysore, Karnataka",400,,12800,
81646517,2026-02-26T23:47:43.000Z,25000000,12500,₹,"12.329801,76.651568",,,12850,,5,,,Mysore,5,"Mysore, Karnataka",2000,,12800,
81012659,2026-02-25T22:30:45.000Z,9500000,7917,₹,,,1200,,1,3,East,,Mysore,3,"Mysore, Karnataka",1200,,12800,
82720429,2025-12-25T12:28:28.000Z,6950000,11583,₹,"12.33397,76.68405",,550,,1,1,South -West,,Mysore,2,"Mysore, Karnataka",600,,12800,
79022707,2026-03-04T21:32:34.000Z,33500000,16750,₹,"12.3333932,76.6282747",,,12850,1,2,North - East,,Mysore,4,"Mysore, Karnataka",2000,,12800,
67695221,2026-02-28T15:20:54.000Z,30000000,7500,₹,,,,,,4,,5,Mysore,4,"Mysore, Karnataka",4000,,12800,
81139319,2026-01-14T22:30:34.000Z,7200000,7200,₹,"12.2958104,76.6393805",,,,,2,,2,Mysore,2,"Mysore, Karnataka",1000,,12800,
83460819,2026-02-18T11:13:29.000Z,14000000,11667,₹,"12.304672,76.703726",,1100,,1,2,East,,Mysore,4,"Mysore, Karnataka",1200,,12800,
81223731,2026-02-24T23:51:50.000Z,9800000,8167,₹,"12.317059,76.6058412",,750,,1,3,West,2,Mysore,3,"Mysore, Karnataka",1200,,12800,
76577563,2026-02-01T14:34:00.000Z,7500000,5769,₹,"12.3302691,76.640873",,930,,2,2,East,3,Mysore,2,"Mysore, Karnataka",1300,,12800,
83572113,2026-02-26T19:56:46.000Z,6700000,5821,₹,"12.3475882,76.6190911",,920,,2,2,North,4,Mysore,2,"Mysore, Karnataka",1151,,12800,
70211601,2026-01-24T21:33:00.000Z,14000000,8750,₹,"12.3433924,76.654661",,,,,2,North - East,,Mysore,2,"Mysore, Karnataka",1600,,12800,
82000847,2026-03-01T22:30:34.000Z,15500000,9172,₹,,,1205,,3,3,,11,Mysore,3,"Mysore, Karnataka",1690,,12800,
50181750,2026-02-26T09:55:15.000Z,16000000,3200,₹,,,,,,1,East,1,Mysore,3,"Mysore, Karnataka",5000,,12800,
66116987,2026-03-05T17:34:09.000Z,6500000,7879,₹,"12.316337,76.654131",,,,,3,East,,Mysore,3,"Mysore, Karnataka",825,,12800,
83495971,2026-02-21T03:45:22.000Z,9000000,15000,₹,"12.35814,76.54104",,600,,2,3,South -West,,Mysore,2,"Mysore, Karnataka",600,,12800,
18461637,2026-01-18T18:11:25.000Z,9000000,8182,₹,"12.317059,76.6058412",,1000,12850,1,2,West,,Mysore,2,"Mysore, Karnataka",1100,,12800,
83598917,2026-02-28T15:40:15.000Z,62500000,7812,₹,"12.32243017,76.6063473",,,12850,3,7,,,Mysore,6,"Mysore, Karnataka",8000,,12800,
83479107,2026-02-19T16:03:20.000Z,11000000,500000,₹,,,22,,1,4,West,,Mysore,4,"Mysore, Karnataka",22,,12800,
80465437,2026-03-02T22:30:40.000Z,7200000,6545,₹,"12.3251339,76.631163",,,,1,2,,4,Mysore,2,"Mysore, Karnataka",1100,,12800,
81469759,2026-02-25T14:04:35.000Z,10500000,8077,₹,"12.28982,76.71423",,1500,,,3,,,Mysore,3,"Mysore, Karnataka",1300,,12800,
82939197,2026-02-20T22:30:42.000Z,6400000,10667,₹,"12.32686,76.6951",,,,,5,,,Mysore,2,"Mysore, Karnataka",600,,12800,
82371165,2026-02-28T22:30:41.000Z,3800000,5758,₹,"12.293434,76.6146235",,,,,1,West,,Mysore,2,"Mysore, Karnataka",660,,12800,
82934137,2026-02-13T22:30:46.000Z,13000000,5417,₹,"12.317059,76.6058412",,,12850,3,4,,,Mysore,4,"Mysore, Karnataka",2400,,12800,
82374185,2026-01-21T22:30:37.000Z,9000000,6000,₹,"12.317059,76.6058412",,1800,,1,2,North,,Mysore,3,"Mysore, Karnataka",1500,,12800,
83519641,2026-02-23T07:34:23.000Z,8800000,7046,₹,"12.2958104,76.6393805",,,,2,2,East,8,Mysore,2,"Mysore, Karnataka",1249,,12800,
78893779,2025-12-08T13:55:11.000Z,9500000,6419,₹,"12.3053563331813,76.6929543794215",,1006,,3,2,North - West,12,Mysore,2,"Mysore, Karnataka",1480,,12800,
82113681,2026-02-14T23:32:14.000Z,32500000,10744,₹,"12.28986589,76.60213866",,,,2,4,North,,Mysore,4,"Mysore, Karnataka",3025,,12800,
67090571,2026-02-27T21:31:48.000Z,30000000,10000,₹,"12.3433924,76.654661",,,,,4,,3,Mysore,6,"Mysore, Karnataka",3000,,12800,
80006199,2026-01-19T22:30:33.000Z,27500000,12615,₹,"12.3052971,76.6831397",,2140,,1,4,North,2,Mysore,4,"Mysore, Karnataka",2180,,12800,
53206645,2026-01-31T22:30:31.000Z,6500000,5652,₹,"12.3283641,76.6398272",,,,3,3,North,4,Mysore,3,"Mysore, Karnataka",1150,,12800,
69010713,2026-02-25T14:02:42.000Z,15000000,,₹,"12.3448385,76.5840034",,4000,,1,4,,,Mysore,4,"Mysore, Karnataka",,,,
63554813,2026-01-05T22:30:29.000Z,6800000,2833,₹,"12.3210448,76.6711058",,1800,,3,2,North,3,Mysore,3,"Mysore, Karnataka",2400,,12800,
49498063,2026-03-02T13:40:20.000Z,8800000,6519,₹,"12.317059,76.6058412",,1300,,,2,,,Mysore,2,"Mysore, Karnataka",1350,,12800,
83607069,2026-03-01T15:27:59.000Z,8500000,14167,₹,"12.275618,76.624097",,,,,1,,,Mysore,2,"Mysore, Karnataka",600,,12800,
83451709,2026-02-18T00:37:03.000Z,7560000,,₹,"12.2874031,76.603235",,1200,,,2,,1,Mysore,2,"Mysore, Karnataka",,,,
82995063,2026-01-15T20:44:20.000Z,17000000,5667,₹,"12.2958104,76.6393805",,1200,,2,5,South -West,,Mysore,5,"Mysore, Karnataka",3000,,12800,
74428803,2026-01-04T03:38:32.000Z,20000000,6734,₹,"12.2655758,76.6441591",,1920,,,3,South,1,Mysore,3,"Mysore, Karnataka",2970,,12800,
82150327,2025-11-13T09:15:25.000Z,7000000,5833,₹,"12.3444096,76.6029819",,1150,,2,2,North,6,Mysore,2,"Mysore, Karnataka",1200,,12800,
79257965,2026-01-29T21:30:51.000Z,19000000,8444,₹,"12.357325,76.314705",,,,2,5,,2,Mysore,5,"Mysore, Karnataka",2250,,12800,
64172813,2025-12-04T14:03:28.000Z,1500000,2143,₹,"12.316337,76.654131",,,,,1,,2,Mysore,2,"Mysore, Karnataka",700,,12800,
82448151,2025-12-05T08:10:13.000Z,8000000,6061,₹,,,,,,2,,4,Mysore,3,"Mysore, Karnataka",1320,,12800,
83190499,2026-01-31T04:32:39.000Z,20000000,6667,₹,"12.33397,76.68405",,,,,7,,,Mysore,7,"Mysore, Karnataka",3000,,12800,
78050703,2026-01-09T11:59:10.000Z,7300000,6083,₹,"12.302502,76.592142",,600,,1,2,West,,Mysore,3,"Mysore, Karnataka",1200,,12800,
74742517,2026-02-18T08:15:05.000Z,7000000,3889,₹,"12.326246,76.626522",,,,2,2,East,5,Mysore,2,"Mysore, Karnataka",1800,,12800,
83336203,2026-02-09T19:20:15.000Z,13500000,11250,₹,,,,,,3,,,Mysore,3,"Mysore, Karnataka",1200,,12800,
82488865,2025-12-08T09:45:54.000Z,21000000,9545,₹,"12.275618,76.624097",,,12850,1,3,,,Mysore,4,"Mysore, Karnataka",2200,,12800,
72348933,2026-01-11T13:35:54.000Z,17200000,12286,₹,,,,,,2,,2,Mysore,3,"Mysore, Karnataka",1400,,12800,
79271639,2025-11-20T23:32:12.000Z,17000000,8500,₹,,,1300,,,2,North,,Mysore,3,"Mysore, Karnataka",2000,,12800,
69435605,2025-12-27T17:14:33.000Z,6500000,216667,₹,"12.3275389,76.6939655",,20,,,2,,,Mysore,2,"Mysore, Karnataka",30,,12800,
63796289,2026-01-26T22:30:32.000Z,6000000,4000,₹,"12.278638,76.672897",,,,,2,,1,Mysore,2,"Mysore, Karnataka",1500,,12800,
39099003,2025-11-10T21:30:42.000Z,12000000,10000,₹,,,,,1,3,South,2,Mysore,3,"Mysore, Karnataka",1200,,12800,
55020637,2026-02-24T17:20:56.000Z,18000000,10909,₹,"12.323819,76.683033",,,,,2,,3,Mysore,3,"Mysore, Karnataka",1650,,12800,
38171025,2026-02-20T17:00:28.000Z,13000000,10833,₹,"12.2874031,76.603235",,,,1,2,,,Mysore,3,"Mysore, Karnataka",1200,,12800,
69631633,2025-11-15T21:33:20.000Z,20000000,18182,₹,"12.302502,76.592142",,1000,,,1,,2,Mysore,2,"Mysore, Karnataka",1100,,12800,
82440429,2025-12-04T15:45:13.000Z,15000000,6250,₹,"12.345151,76.637973",,,,,2,,1,Mysore,2,"Mysore, Karnataka",2400,,12800,
82512683,2025-12-10T03:45:37.000Z,20000000,5714,₹,"12.32243017,76.6063473",,,,,9,,,Mysore,8,"Mysore, Karnataka",3500,,12800,
76309999,2026-01-13T21:33:08.000Z,6000000,5000,₹,"12.12269,76.68735",,,,,2,,1,Mysore,2,"Mysore, Karnataka",1200,,12800,
81738755,2026-02-23T03:33:46.000Z,7000000,3043,₹,"12.316902,76.278971",,,,,2,,1,Mysore,2,"Mysore, Karnataka",2300,,12800,
83043829,2026-01-19T16:46:38.000Z,26500000,,₹,"12.2844023,76.6111287",,1426,,6,6,East,,Mysore,7,"Mysore, Karnataka",,,,
81209191,2026-01-16T13:46:58.000Z,6800000,5620,₹,"12.2888,76.608783",,600,,1,2,,,Mysore,3,"Mysore, Karnataka",1210,,12800,
72912623,2026-02-10T22:30:42.000Z,30000000,7143,₹,"12.3719682,76.6383626",,,,1,4,South,,Mysore,4,"Mysore, Karnataka",4200,,12800,
80431853,2025-11-24T17:26:28.000Z,65000000,10000,₹,"12.3252562,76.647769",,4500,,2,3,,,Mysore,5,"Mysore, Karnataka",6500,,12800,
82534109,2025-12-11T09:10:11.000Z,16000000,,₹,"12.3444096,76.6029819",,1500,,,4,,,Mysore,4,"Mysore, Karnataka",,,,
83461463,2026-02-18T11:48:17.000Z,9500000,2436,₹,"12.12269,76.68735",,,,,4,,,Mysore,,"Mysore, Karnataka",3900,,12800,
76414685,2025-12-08T13:55:30.000Z,16200000,6750,₹,"12.298802,76.611138",,2200,,2,3,North,1,Mysore,3,"Mysore, Karnataka",2400,,12800,
82800315,2026-01-02T08:17:46.000Z,6500000,5417,₹,,,600,,,2,South,,Mysore,2,"Mysore, Karnataka",1200,,12800,
44585157,2025-12-08T13:55:47.000Z,4500000,2093,₹,"12.33155372,76.66220999",,,,,2,,1,Mysore,3,"Mysore, Karnataka",2150,,12800,
81794603,2026-03-21T23:39:35.000Z,7100000,5462,₹,"12.3002963,76.5820544",,,12850,1,3,,,Mysore,4,"Mysore, Karnataka",1300,,12800,
79274781,2026-01-22T22:30:36.000Z,12500000,,₹,,,2003,,,2,,,Mysore,2,"Mysore, Karnataka",,,,
72637527,2026-01-06T14:15:55.000Z,10000000,5571,₹,"12.2888733,76.6340511",,1795,,2,2,South - East,2,Mysore,2,"Mysore, Karnataka",1795,,12800,
83452789,2026-02-18T05:02:50.000Z,13000000,,₹,,,1300,,2,2,,6,Mysore,3,"Mysore, Karnataka",,,,
56585379,2026-02-13T04:05:46.000Z,8800000,5867,₹,"12.437801,76.377886",,,,1,1,North,,Mysore,2,"Mysore, Karnataka",1500,,12800,
80378331,2025-12-30T23:31:10.000Z,30000000,6250,₹,"12.291538,76.599128",,4000,,3,4,East,4,Mysore,5,"Mysore, Karnataka",4800,,12800,
82800621,2026-01-02T08:33:29.000Z,7000000,5833,₹,,,600,,,2,South,,Mysore,2,"Mysore, Karnataka",1200,,12800,
70060835,2025-11-24T21:30:42.000Z,10000000,8333,₹,,,,,,1,,1,Mysore,2,"Mysore, Karnataka",1200,,12800,
72903195,2026-01-27T21:33:10.000Z,15000000,,₹,"12.2716479,76.6253865",,1450,,1,3,,1,Mysore,3,"Mysore, Karnataka",,,,
83463549,2026-02-18T13:40:32.000Z,8200000,13667,₹,"12.271638,76.713879",,13000,,,2,North,,Mysore,2,"Mysore, Karnataka",600,,12800,
81725335,2026-01-08T22:30:38.000Z,17500000,6034,₹,"12.32243017,76.6063473",,,12850,4,6,,,Mysore,5,"Mysore, Karnataka",2900,,12800,
83454649,2026-02-18T06:48:57.000Z,9000000,7500,₹,"12.271638,76.713879",,,,,2,,,Mysore,2,"Mysore, Karnataka",1200,,12800,
74916761,2026-02-24T17:21:15.000Z,7900000,13167,₹,"12.2874031,76.603235",,600,,1,2,North - West,,Mysore,3,"Mysore, Karnataka",600,,12800,
75212139,2025-12-04T05:16:30.000Z,10500000,6625,₹,"12.316337,76.654131",,,,,7,East,,Mysore,7,"Mysore, Karnataka",1585,,12800,
58107215,2026-02-16T16:55:04.000Z,10000000,3333,₹,"12.2994269,76.5905267",,,,,2,,,Mysore,4,"Mysore, Karnataka",3000,,12800,
82510473,2025-12-09T14:05:10.000Z,8100000,10125,₹,"12.3027304,76.631163",,,,,2,,2,Mysore,2,"Mysore, Karnataka",800,,12800,
80434171,2025-11-27T13:39:11.000Z,11000000,5500,₹,"12.3217046636908,76.6178268602498",,1000,,2,4,South - East,,Mysore,4,"Mysore, Karnataka",2000,,12800,
70146671,2026-02-18T07:31:34.000Z,5800000,3625,₹,"12.32686,76.6951",,1200,,2,3,,2,Mysore,3,"Mysore, Karnataka",1600,,12800,
81070253,2026-01-03T21:30:45.000Z,17500000,5833,₹,"12.2716479,76.6253865",,1200,,3,5,South -West,,Mysore,5,"Mysore, Karnataka",3000,,12800,
69568153,2025-12-20T22:30:32.000Z,9600000,7934,₹,"12.3507162536586,76.6018245686587",,1300,,1,2,North - East,,Mysore,2,"Mysore, Karnataka",1210,,12800,
74734199,2026-02-07T04:32:07.000Z,9900000,6282,₹,"12.3335199,76.6117927",,,,2,3,,4,Mysore,3,"Mysore, Karnataka",1576,,12800,
81066543,2025-11-20T22:30:32.000Z,25000000,16667,₹,"12.2844023,76.6111287",,1200,,1,1,South,2,Mysore,3,"Mysore, Karnataka",1500,,12800,
64086533,2025-12-08T13:55:27.000Z,13000000,5417,₹,"12.2716479,76.6253865",,,,,4,,2,Mysore,4,"Mysore, Karnataka",2400,,12800,
82174031,2025-11-14T17:37:36.000Z,7500000,,₹,"12.31401,76.68992",,600,,,3,,,Mysore,2,"Mysore, Karnataka",,,,
79745667,2026-01-26T22:30:34.000Z,12500000,7812,₹,"12.3242994,76.6235172",,1600,,3,3,,4,Mysore,3,"Mysore, Karnataka",1600,,12800,
73558509,2026-01-26T18:02:42.000Z,600000,750,₹,,,,,,,,,Mysore,2,"Mysore, Karnataka",800,,12800,
79725259,2026-02-08T22:30:35.000Z,24000000,7500,₹,"12.2659746,76.6371917",,2400,,2,5,North,,Mysore,5,"Mysore, Karnataka",3200,,12800,
81419223,2026-02-06T14:09:05.000Z,35000000,19444,₹,"12.291538,76.599128",,,12850,1,5,,,Mysore,6,"Mysore, Karnataka",1800,,12800,
78628519,2025-12-19T22:30:35.000Z,19000000,9729,₹,"12.2716479,76.6253865",,,,,2,South - East,1,Mysore,2,"Mysore, Karnataka",1953,,12800,
80649081,2025-12-11T14:11:05.000Z,7654321,10206,₹,"12.304933,76.621422",,,,,1,,,Mysore,2,"Mysore, Karnataka",750,,12800,
83125559,2026-01-25T20:35:20.000Z,6000000,7500,₹,"12.334902,76.683128",,,,,2,,,Mysore,2,"Mysore, Karnataka",800,,12800,
71083537,2026-02-18T09:36:55.000Z,11500000,15333,₹,"12.357325,76.314705",,1300,,1,3,North,2,Mysore,3,"Mysore, Karnataka",750,,12800,
22387757,2026-01-25T22:30:25.000Z,10000000,7752,₹,"12.2958104,76.6393805",,,,2,4,East,2,Mysore,5,"Mysore, Karnataka",1290,,12800,
82621947,2025-12-17T14:18:06.000Z,4000000,,₹,"12.293434,76.6146235",,672,,2,2,North,2,Mysore,3,"Mysore, Karnataka",,,,
82599485,2025-12-16T08:27:12.000Z,80000000,13333,₹,"12.3,76.65",,6000,,1,3,East,,Mysore,5,"Mysore, Karnataka",6000,,12800,
83384547,2026-03-24T23:33:54.000Z,32500000,,₹,"12.317059,76.6058412",,2400,,1,3,,,Mysore,3,"Mysore, Karnataka",,,,
73404317,2026-02-19T02:47:49.000Z,7500000,10000,₹,,,750,,,1,,,Mysore,2,"Mysore, Karnataka",750,,12800,
82870225,2026-01-06T17:31:59.000Z,13500000,,₹,"12.28711284,76.63083502",,1200,,1,1,,,Mysore,2,"Mysore, Karnataka",,,,
75655115,2025-11-18T17:17:22.000Z,12000000,10000,₹,"12.32792,76.66425",,950,,2,4,North,,Mysore,5,"Mysore, Karnataka",1200,,12800,
48313795,2026-02-01T21:33:08.000Z,4500000,4606,₹,"12.3,76.65",,,,,1,East,3,Mysore,1,"Mysore, Karnataka",977,,12800,
82860853,2026-01-06T09:02:07.000Z,12500000,11364,₹,"12.3573435,76.5748309",,,12850,1,2,South - East,,Mysore,2,"Mysore, Karnataka",1100,,12800,
70721771,2025-11-11T13:18:56.000Z,65000000,18056,₹,"12.3583458,76.531843",,64000,,1,5,East,,Mysore,5,"Mysore, Karnataka",3600,,12800,
17085852,2025-12-12T21:33:44.000Z,8000000,4324,₹,"12.4179565,76.6946872",,,,,3,East,,Mysore,3,"Mysore, Karnataka",1850,,12800,
82311715,2025-11-26T03:41:25.000Z,5600000,9333,₹,"12.3448385,76.5840034",,600,,1,1,East,,Mysore,1,"Mysore, Karnataka",600,,12800,
20439636,2026-02-07T16:53:25.000Z,9000000,8372,₹,"12.3,76.65",,480,,1,2,North,3,Mysore,2,"Mysore, Karnataka",1075,,12800,
83261483,2026-02-04T18:45:18.000Z,8500000,566667,₹,"12.275618,76.624097",,,12850,,4,,,Mysore,4,"Mysore, Karnataka",15,,12800,
77211429,2025-12-01T14:32:00.000Z,11000000,6548,₹,"12.2655758,76.6441591",,1000,,2,2,,4,Mysore,2,"Mysore, Karnataka",1680,,12800,
70597189,2025-11-20T23:33:00.000Z,5500000,4825,₹,"12.302502,76.592142",,,,2,2,West,8,Mysore,2,"Mysore, Karnataka",1140,,12800,
81304105,2026-01-22T21:30:47.000Z,29000000,10175,₹,"12.296692,76.7021",,,,,2,,,Mysore,4,"Mysore, Karnataka",2850,,12800,
82281639,2025-11-23T08:21:18.000Z,6000000,10000,₹,"12.3448385,76.5840034",,600,,1,2,,4,Mysore,2,"Mysore, Karnataka",600,,12800,
83100817,2026-01-23T10:37:35.000Z,6499999,,₹,"12.264465,76.713762",,420,,1,2,North,,Mysore,2,"Mysore, Karnataka",,,,
80482989,2025-11-25T21:30:11.000Z,13000000,8667,₹,"12.2716479,76.6253865",,,,,2,,2,Mysore,3,"Mysore, Karnataka",1500,,12800,
9442765,2026-01-06T09:12:21.000Z,2000000,2222,₹,"12.293994,76.6102219",,,,2,3,North,3,Mysore,2,"Mysore, Karnataka",900,,12800,
75306421,2026-02-05T05:53:14.000Z,17000000,11333,₹,"12.334902,76.683128",,,,,4,,,Mysore,4,"Mysore, Karnataka",1500,,12800,
76604429,2026-01-11T10:56:52.000Z,20000000,12121,₹,,,,,,2,,2,Mysore,3,"Mysore, Karnataka",1650,,12800,
83077701,2026-01-22T06:41:37.000Z,22000000,5898,₹,"12.3238989,76.5977657",,,,,3,,,Mysore,3,"Mysore, Karnataka",3730,,12800,
81257745,2026-02-10T12:21:32.000Z,8500000,10625,₹,"12.316337,76.654131",,800,,1,2,,,Mysore,3,"Mysore, Karnataka",800,,12800,
58266889,2026-01-19T14:03:58.000Z,8500000,,₹,,,1350,,,2,,,Mysore,2,"Mysore, Karnataka",,,,
75493835,2025-11-24T21:30:43.000Z,6700000,6436,₹,"12.317059,76.6058412",,825,,2,2,East,3,Mysore,2,"Mysore, Karnataka",1041,,12800,
73204803,2026-02-08T21:33:05.000Z,10500000,4497,₹,"12.4179565,76.6946872",,1887,,3,3,North,15,Mysore,4,"Mysore, Karnataka",2335,,12800,
82566751,2025-12-13T10:50:13.000Z,14900000,6478,₹,"12.278638,76.672897",,2100,12850,3,3,,,Mysore,3,"Mysore, Karnataka",2300,,12800,
75418159,2026-01-23T13:33:38.000Z,6000000,3333,₹,"12.2958104,76.6393805",,1200,,2,3,South,,Mysore,3,"Mysore, Karnataka",1800,,12800,
83480603,2026-02-20T02:50:03.000Z,8500000,,₹,"12.31015001,76.69777606",,600,,2,2,North,,Mysore,4,"Mysore, Karnataka",,,,
73174859,2026-01-20T22:30:25.000Z,10000000,,₹,"12.4179565,76.6946872",,1835,,2,3,,10,Mysore,3,"Mysore, Karnataka",,,,
58761489,2025-12-14T07:08:31.000Z,4500000,5172,₹,"12.3583458,76.531843",,,,,2,,,Mysore,2,"Mysore, Karnataka",870,,12800,
82571343,2026-02-07T22:30:38.000Z,31500000,10000,₹,"12.3333932,76.6282747",,,12850,,3,,,Mysore,3,"Mysore, Karnataka",,,,
75547115,2026-01-05T04:27:23.000Z,17000000,10000,₹,"12.3093794,76.6665383",,,,2,2,,6,Mysore,3,"Mysore, Karnataka",1700,,12800,
82841853,2026-01-05T07:29:31.000Z,25000000,16667,₹,"12.2874031,76.603235",,1500,,2,5,South,,Mysore,5,"Mysore, Karnataka",1500,,12800,
82253727,2025-11-21T05:22:29.000Z,11000000,5641,₹,,,650,,2,5,,,Mysore,5,"Mysore, Karnataka",1950,,12800,
70327251,2025-11-22T21:33:18.000Z,22000000,5500,₹,,,,,,,,,Mysore,4,"Mysore, Karnataka",4000,,12800,
58201197,2026-01-05T06:11:57.000Z,32500000,10833,₹,"12.3238989,76.5977657",,3000,,1,3,North,,Mysore,3,"Mysore, Karnataka",3000,,12800,
75274051,2026-02-17T04:19:07.000Z,5000000,3333,₹,"12.33631,76.49861",,,12850,,3,,2,Mysore,3,"Mysore, Karnataka",1500,,12800,
75324999,2025-12-05T21:33:53.000Z,9900000,4950,₹,"12.293434,76.6146235",,1000,,1,2,,,Mysore,3,"Mysore, Karnataka",2000,,12800,
58508539,2026-01-27T21:30:52.000Z,6000000,5000,₹,"12.12269,76.68735",,1200,,,1,,1,Mysore,2,"Mysore, Karnataka",1200,,12800,
81409117,2026-02-06T14:09:03.000Z,16000000,4103,₹,"12.3583458,76.531843",,3000,,1,4,East,,Mysore,4,"Mysore, Karnataka",3900,,12800,
81825291,2025-12-11T22:30:34.000Z,7500000,6818,₹,,,,,,2,,,Mysore,2,"Mysore, Karnataka",1100,,12800,
82956705,2026-01-13T01:30:11.000Z,11000000,13750,₹,,,,,,4,,2,Mysore,2,"Mysore, Karnataka",800,,12800,
79898413,2026-03-21T23:48:24.000Z,4200000,5122,₹,"12.302502,76.592142",,,,1,1,,7,Mysore,2,"Mysore, Karnataka",820,,12800,
81466715,2026-02-04T08:02:14.000Z,95000000,38000,₹,"12.3303842,76.6075435",,,,,3,,,Mysore,3,"Mysore, Karnataka",2500,,12800,
83404047,2026-02-14T06:02:13.000Z,16000000,,₹,"12.277743,76.700736",,2400,,3,3,North,,Mysore,3,"Mysore, Karnataka",,,,
68257897,2026-01-24T10:52:12.000Z,12000000,4800,₹,"12.4179565,76.6946872",,1900,,3,3,,12,Mysore,3,"Mysore, Karnataka",2500,,12800,
66355139,2026-02-11T06:02:10.000Z,6000000,5000,₹,"12.3573435,76.5748309",,,,,2,,2,Mysore,4,"Mysore, Karnataka",1200,,12800,
80676961,2025-12-10T03:33:50.000Z,15000000,9677,₹,"12.2716479,76.6253865",,,,,2,,2,Mysore,3,"Mysore, Karnataka",1550,,12800,
66336001,2026-02-08T22:30:34.000Z,17500000,7000,₹,"12.2874031,76.603235",,,,,4,,2,Mysore,3,"Mysore, Karnataka",2500,,12800,
82907011,2026-01-09T05:08:14.000Z,42500000,9884,₹,"12.1574177,76.5213648",,,,,7,,,Mysore,7,"Mysore, Karnataka",4300,,12800,
73704827,2026-02-03T09:02:58.000Z,30000000,12500,₹,"12.2844023,76.6111287",,2400,,1,2,East,,Mysore,3,"Mysore, Karnataka",2400,,12800,
28390439,2026-01-03T07:48:55.000Z,3200000,6400,₹,"12.2929005,76.6022778",,,12850,,1,,,Mysore,1,"Mysore, Karnataka",500,,12800,
66708993,2026-02-16T22:30:35.000Z,22500000,9574,₹,"12.2888733,76.6340511",,1500,,1,6,North,1,Mysore,5,"Mysore, Karnataka",2350,,12800,
83282827,2026-02-06T05:48:48.000Z,9500000,6839,₹,,,,,,3,,10,Mysore,3,"Mysore, Karnataka",1389,,12800,
78776579,2025-11-28T22:30:36.000Z,7500000,6522,₹,"12.35479,76.58004",,,12850,,2,,,Mysore,2,"Mysore, Karnataka",1150,,12800,
78797935,2026-01-27T17:29:49.000Z,5500000,6111,₹,"12.350102,76.603722",,900,,,1,West,1,Mysore,1,"Mysore, Karnataka",900,,12800,
80777313,2026-02-05T07:09:36.000Z,35000000,10370,₹,"12.32792,76.66425",,,12850,,2,West,,Mysore,3,"Mysore, Karnataka",3375,,12800,
82935825,2026-01-11T05:02:05.000Z,7200000,12000,₹,,,600,,,1,North,,Mysore,2,"Mysore, Karnataka",600,,12800,
81490069,2026-02-05T13:46:58.000Z,13200000,6947,₹,"12.305273,76.612646",,2200,12850,2,2,North,,Mysore,3,"Mysore, Karnataka",1900,,12800,
80784323,2025-11-20T22:30:31.000Z,6000000,10714,₹,"12.3444096,76.6029819",,,12850,1,1,,,Mysore,2,"Mysore, Karnataka",560,,12800,
82350389,2025-11-28T12:18:27.000Z,13000000,,₹,"12.3252562,76.647769",,760,,2,4,,,Mysore,4,"Mysore, Karnataka",,,,
71442273,2026-01-20T21:30:39.000Z,18000000,5000,₹,"12.3335199,76.6117927",,,,,5,,3,Mysore,8,"Mysore, Karnataka",3600,,12800,
81442351,2026-02-05T13:47:00.000Z,27500000,5093,₹,"12.3002963,76.5820544",,4500,,2,8,,,Mysore,8,"Mysore, Karnataka",5400,,12800,
82918505,2026-01-09T11:47:12.000Z,9500000,,₹,,,1800,,,2,,1,Mysore,2,"Mysore, Karnataka",,,,
81446469,2026-02-22T17:13:38.000Z,21000000,6000,₹,,,,,,5,,3,Mysore,5,"Mysore, Karnataka",3500,,12800,
82638065,2026-01-21T22:30:38.000Z,9000000,7500,₹,"12.32686,76.6951",,1100,,,4,South,,Mysore,3,"Mysore, Karnataka",1200,,12800,
82012745,2026-01-07T22:30:37.000Z,16800000,7000,₹,"12.323819,76.683033",,,,,3,,1,Mysore,6,"Mysore, Karnataka",2400,,12800,
83133333,2026-01-26T19:01:40.000Z,8500000,7522,₹,"12.3507162536586,76.6018245686587",,830,,4,2,North - East,9,Mysore,2,"Mysore, Karnataka",1130,,12800,
53631745,2025-11-11T13:18:53.000Z,175000,146,₹,"12.2844023,76.6111287",,,,,2,,2,Mysore,2,"Mysore, Karnataka",1200,,12800,
72000943,2026-01-29T13:22:52.000Z,6000000,6667,₹,"12.3335199,76.6117927",,,,,2,,2,Mysore,3,"Mysore, Karnataka",900,,12800,
82123801,2026-01-16T22:30:25.000Z,10500000,8750,₹,,,,,,2,,,Mysore,2,"Mysore, Karnataka",1200,,12800,
82125921,2025-11-12T04:55:04.000Z,6000000,5000,₹,"12.3002963,76.5820544",,1000,,,2,East,,Mysore,2,"Mysore, Karnataka",1200,,12800,
77704619,2026-02-04T21:30:44.000Z,12000000,7595,₹,"12.3074,76.58783",,1180,,3,3,North,7,Mysore,3,"Mysore, Karnataka",1580,,12800,
68960965,2025-12-22T14:45:59.000Z,11000000,18333,₹,"12.3093794,76.6665383",,,,,2,,2,Mysore,2,"Mysore, Karnataka",600,,12800,
74331563,2025-12-28T22:30:35.000Z,6900000,9857,₹,"12.2958104,76.6393805",,700,,1,2,North,,Mysore,2,"Mysore, Karnataka",700,,12800,
80117209,2025-12-07T23:47:49.000Z,17500000,9289,₹,"12.3093794,76.6665383",,,,,3,,8,Mysore,3,"Mysore, Karnataka",1884,,12800,
82131115,2026-02-07T10:52:58.000Z,35000000,10769,₹,,,2750,,2,4,,,Mysore,4,"Mysore, Karnataka",3250,,12800,
81545487,2026-02-07T21:30:40.000Z,70000000,,₹,"12.4179565,76.6946872",,4800,,2,2,East,,Mysore,2,"Mysore, Karnataka",,,,
83298589,2026-02-07T03:06:43.000Z,23000000,5750,₹,"12.2958104,76.6393805",,1200,,4,5,South -West,,Mysore,5,"Mysore, Karnataka",4000,,12800,
77548787,2026-02-04T13:44:52.000Z,13000000,5200,₹,"12.30844,76.65393",,1500,,1,4,,,Mysore,4,"Mysore, Karnataka",2500,,12800,
80082943,2025-11-21T13:46:09.000Z,13500000,8496,₹,"12.3217046636908,76.6178268602498",,,,2,3,East,2,Mysore,3,"Mysore, Karnataka",1589,,12800,
77641735,2026-01-03T21:33:02.000Z,30000000,18750,₹,"12.3001258,76.6470017",,,,,2,,1,Mysore,3,"Mysore, Karnataka",1600,,12800,
53431391,2025-11-19T16:17:31.000Z,6800000,,₹,"12.274067,76.642783",,1200,,1,2,West,,Mysore,2,"Mysore, Karnataka",,,,
71935087,2025-11-16T17:52:34.000Z,40250000,24394,₹,"12.3283641,76.6398272",,,,,3,,,Mysore,3,"Mysore, Karnataka",1650,,12800,
62335187,2025-12-03T21:30:43.000Z,6200000,5167,₹,"12.323731,76.632382",,,,,2,,4,Mysore,2,"Mysore, Karnataka",1200,,12800,
82683855,2025-12-22T12:25:10.000Z,6000000,10000,₹,"12.271638,76.713879",,,12850,,2,,,Mysore,2,"Mysore, Karnataka",600,,12800,
78866379,2026-01-21T06:16:34.000Z,9800000,8167,₹,"12.277743,76.700736",,1200,,1,2,North - West,,Mysore,2,"Mysore, Karnataka",1200,,12800,
81510641,2026-02-10T18:19:28.000Z,3400000,6800,₹,,,500,,,1,,3,Mysore,1,"Mysore, Karnataka",500,,12800,
78820781,2025-11-12T06:19:37.000Z,20500000,8542,₹,"12.3238989,76.5977657",,2400,,1,4,West,,Mysore,4,"Mysore, Karnataka",2400,,12800,
74009695,2026-02-18T09:42:23.000Z,14400000,3600,₹,"12.4179565,76.6946872",,3800,,3,5,North - East,,Mysore,5,"Mysore, Karnataka",4000,,12800,
78830565,2026-01-15T22:30:38.000Z,31000000,6458,₹,"12.3002963,76.5820544",,2400,,1,4,South - East,,Mysore,3,"Mysore, Karnataka",4800,,12800,
80787359,2026-01-21T22:30:35.000Z,40000000,13937,₹,"12.3,76.65",,2500,,,1,East,,Mysore,2,"Mysore, Karnataka",2870,,12800,
62587383,2026-01-11T16:27:25.000Z,12500000,,₹,"12.3444096,76.6029819",,20,,2,4,North,3,Mysore,5,"Mysore, Karnataka",,,,
74158089,2026-01-03T22:30:34.000Z,8800000,5677,₹,"12.3352893,76.5982997",,,,,3,,5,Mysore,3,"Mysore, Karnataka",1550,,12800,
82997623,2026-01-16T06:09:21.000Z,7300000,12167,₹,"12.33397,76.68405",,580,,1,2,,,Mysore,2,"Mysore, Karnataka",600,,12800,
80194079,2025-11-19T17:03:06.000Z,62500000,7576,₹,"12.32243017,76.6063473",,,12850,3,7,East,,Mysore,6,"Mysore, Karnataka",8250,,12800,
83319053,2026-02-08T15:16:56.000Z,15500000,12917,₹,"12.33397,76.68405",,,,1,2,North,,Mysore,2,"Mysore, Karnataka",1200,,12800,
68141403,2026-02-20T17:10:23.000Z,9000000,5000,₹,,,1650,,2,3,,,Mysore,3,"Mysore, Karnataka",1800,,12800,
83122371,2026-01-25T10:11:16.000Z,22900000,11450,₹,"12.3064606,76.7007977",,,,2,5,East,,Mysore,5,"Mysore, Karnataka",2000,,12800,
82813551,2026-01-03T05:53:44.000Z,6500000,5417,₹,"12.12269,76.68735",,,,,2,,,Mysore,2,"Mysore, Karnataka",1200,,12800,
82450497,2025-12-05T09:36:55.000Z,14500000,14500,₹,"12.316337,76.654131",,,,,1,,3,Mysore,2,"Mysore, Karnataka",1000,,12800,
83280087,2026-02-05T20:02:30.000Z,30000000,9836,₹,"12.3496072,76.6304409",,3000,,1,4,,7,Mysore,4,"Mysore, Karnataka",3050,,12800,
82893121,2026-01-08T07:09:43.000Z,1800000,,₹,"12.33397,76.68405",,1200,,1,3,,2,Mysore,3,"Mysore, Karnataka",,,,
83514507,2026-02-22T15:11:14.000Z,25000000,8929,₹,,,,,,1,,,Mysore,4,"Mysore, Karnataka",2800,,12800,
81770041,2026-03-08T23:41:27.000Z,8750000,7292,₹,"12.3255434,76.6954554",,600,12850,1,3,North,2,Mysore,4,"Mysore, Karnataka",1200,,12800,
83444883,2026-03-25T23:34:57.000Z,22500000,4645,₹,"12.3,76.65",,350,12852,3,4,East,,Mysore,8,"Mysore, Karnataka",450,,12801,
75447975,2026-02-28T22:30:39.000Z,11000000,,₹,"12.2838441,76.6456031",,,,,,,,Mysore,,"Mysore, Karnataka",,,,
55785629,2025-12-19T04:20:49.000Z,12000000,300000,₹,"12.302502,76.592142",,30,,1,1,,,Mysore,2,"Mysore, Karnataka",40,,12800,
70564439,2025-11-20T21:33:39.000Z,7000000,318182,₹,"12.12269,76.68735",,,,,5,,2,Mysore,5,"Mysore, Karnataka",22,,12800,
83930331,2026-03-25T06:00:21.000Z,,,₹,"12.2716479,76.6253865",,,,,,,,Mysore,2,"Mysore, Karnataka",,,,
83943857,2026-03-26T04:50:16.000Z,,,₹,"12.2888733,76.6340511",,,,,,,,Mysore,2,"Mysore, Karnataka",,,,
72207905,2026-03-18T03:35:29.000Z,,,₹,"12.3027304,76.631163",,,,,3,,3,Mysore,3,"Mysore, Karnataka",2200,,12800,