address,bedrooms,carpet_area,carp_area_unit,floors,location,price,price_per_sq_ft
"Vadodara, Gujarat",3,,,5,"22.2754108,73.1538839",3000000,2182
"Vadodara, Gujarat",3,1018,,7,"22.31353872,73.12848093",5250000,3127
"Vadodara, Gujarat",3,,,2,"22.3002320490991,73.2379467703341",7900000,6116
"Vadodara, Gujarat",3,1260,,14,"22.298276,73.133336",8200000,3710
"Vadodara, Gujarat",3,,,7,"22.2834525,73.1277473",6500000,6500
"Vadodara, Gujarat",3,1200,,,"22.3140477460972,73.1432756484381",7000000,
"Vadodara, Gujarat",3,1500,,9,"22.2960225,73.1688878",10500000,4516
"Vadodara, Gujarat",2,600,,7,"22.2583667,73.208709",3499000,5383
"Vadodara, Gujarat",3,,,9,"22.310543,73.1651125",7500000,4412
"Vadodara, Gujarat",3,1500,,,"22.3002320490991,73.2379467703341",6751000,7942
"Vadodara, Gujarat",2,898,,13,"22.2811984,73.1924864",2700000,
"Vadodara, Gujarat",2,,,8,"22.2754108,73.1538839",3100000,3875
"Vadodara, Gujarat",3,,,5,"22.2451575,73.0772294",13500000,4180
"Vadodara, Gujarat",2,,,8,"22.298276,73.133336",3900000,4333
"Vadodara, Gujarat",3,,,7,"22.2847421,73.1238962",5100000,3400
"Vadodara, Gujarat",3,,,1,"22.2847421,73.1238962",5800000,2549
"Vadodara, Gujarat",3,950,,5,"22.2834525,73.1277473",4500000,4286
"Vadodara, Gujarat",3,,,6,"22.2847421,73.1238962",9200000,3544
"Vadodara, Gujarat",2,620,,5,"22.2847421,73.1238962",2800000,2800
"Vadodara, Gujarat",3,,,9,"22.3092,73.1848",6500000,3812
"Vadodara, Gujarat",2,,,4,"22.2811984,73.1924864",3500000,3182
"Vadodara, Gujarat",2,770,,4,"22.2578448,73.1017659",2100000,1909
"Vadodara, Gujarat",2,750,,4,"22.3201,73.2066",4500000,4091
"Vadodara, Gujarat",3,1200,,4,"22.3139759,73.1747877",8500000,4048
"Vadodara, Gujarat",3,,,,"22.3074961145886,73.2331666740289",13000000,8667
"Vadodara, Gujarat",3,774,,5,"22.2754108,73.1538839",3800000,2923
"Vadodara, Gujarat",2,760,,4,"22.2754108,73.1538839",2700000,2571
"Vadodara, Gujarat",3,900,,7,"22.3002320490991,73.2379467703341",3700000,
"Vadodara, Gujarat",2,770,,5,"22.4778594,73.1934619",3300000,4231
"Vadodara, Gujarat",3,,,12,"22.3074961145886,73.2331666740289",4400000,2839
"Vadodara, Gujarat",2,1148,,1,"22.3074961145886,73.2331666740289",3000000,2613
"Vadodara, Gujarat",3,1620,,,"22.3159397,73.1593002",12500000,
"Vadodara, Gujarat",2,850,,10,"22.2847421,73.1238962",3800000,3167
"Vadodara, Gujarat",2,735,,4,"22.3466921,73.1669261",3551000,3411
"Vadodara, Gujarat",3,3100,,,"22.3002320490991,73.2379467703341",20000000,6410
"Vadodara, Gujarat",2,,,9,"22.3270938,73.1895367",2700000,3140
"Vadodara, Gujarat",3,,,9,"22.3025689,73.396925",4200000,4468
"Vadodara, Gujarat",3,,,4,"22.3074961145886,73.2331666740289",6500000,3446
"Vadodara, Gujarat",3,1100,,,"22.2946904,73.1541585",7000000,5385
"Vadodara, Gujarat",3,983,,7,"22.2847421,73.1238962",4800000,4424
"Vadodara, Gujarat",2,650,,5,"22.3156579,73.2247725",4000000,
"Vadodara, Gujarat",3,1186,,11,"22.3143858,73.1379109",7851000,3739
"Vadodara, Gujarat",2,,,5,"22.3572269,73.2013352",3350000,4467
"Vadodara, Gujarat",2,650,,5,"22.2834525,73.1277473",2700000,2647
"Vadodara, Gujarat",3,373,,,"22.2946065,73.2168198",9000000,4082
"Vadodara, Gujarat",2,700,,4,"22.2834525,73.1277473",3100000,3875
"Vadodara, Gujarat",3,,,12,"22.2834525,73.1277473",8700000,4971
"Vadodara, Gujarat",2,925,,4,"22.3070449,73.158014",2700000,
"Vadodara, Gujarat",2,1000,,9,"22.2847421,73.1238962",2900000,2071
"Vadodara, Gujarat",3,,,3,"22.3368153574383,73.1930209139836",5560000,4728
"Vadodara, Gujarat",2,980,,5,"22.3224879,73.2281019",4600000,3594
"Vadodara, Gujarat",2,750,,5,"22.3002320490991,73.2379467703341",3500000,
"Vadodara, Gujarat",3,950,,7,"22.2754108,73.1538839",4600000,3680
"Vadodara, Gujarat",3,1200,,9,"22.3579522,73.1674128",7800000,4225
"Vadodara, Gujarat",3,2010,,,"22.3074961145886,73.2331666740289",6500000,3095
"Vadodara, Gujarat",2,600,,2,"22.2960225,73.1688878",2500000,
"Vadodara, Gujarat",2,,,5,"22.2946904,73.1541585",2800000,2667
"Vadodara, Gujarat",2,826,,9,"22.3143858,73.1379109",3300000,2750
"Vadodara, Gujarat",2,1070,,4,"22.3368153574383,73.1930209139836",5060000,
"Vadodara, Gujarat",2,780,,5,"22.3579522,73.1674128",3650000,4056
"Vadodara, Gujarat",3,814,,5,"22.2801525719345,73.2254047657751",5400000,3724
"Vadodara, Gujarat",2,675,,4,,2400000,2133
"Vadodara, Gujarat",2,679,,8,"22.2754108,73.1538839",3750000,3788
"Vadodara, Gujarat",3,,,4,"22.3092684,73.1714264",8200000,6833
"Vadodara, Gujarat",3,,,8,"22.2754108,73.1538839",7500000,4076
"Vadodara, Gujarat",3,1100,,5,"22.345112,73.192073",5200000,3077
"Vadodara, Gujarat",2,610,,9,"22.3140477460972,73.1432756484381",2500000,2941
"Vadodara, Gujarat",2,850,,4,"22.2583667,73.208709",3200000,3048
"Vadodara, Gujarat",3,1350,,10,"22.3579522,73.1674128",9900000,4806
"Vadodara, Gujarat",3,1500,,4,"22.2951626749092,73.1642419219825",11000000,5000
"Vadodara, Gujarat",3,,,5,"22.2847421,73.1238962",3900000,2816
"Vadodara, Gujarat",3,1007,,8,"22.2811984,73.1924864",7500000,4950
"Vadodara, Gujarat",3,760,,7,"22.2951626749092,73.1642419219825",5200000,5474
"Vadodara, Gujarat",3,1350,,5,"22.2754108,73.1538839",4900000,3062
"Vadodara, Gujarat",3,124,,,"22.2803126315282,73.1507244811002",8500000,7179
"Vadodara, Gujarat",3,1350,,9,"22.3336943,73.12368155",6100000,3017
"Vadodara, Gujarat",3,,,,"22.2629871,73.1637253",9000000,5294
"Vadodara, Gujarat",2,,,,"22.3002320490991,73.2379467703341",7000000,7778
"Vadodara, Gujarat",2,750,,5,"22.2803126315282,73.1507244811002",3000000,2400
"Vadodara, Gujarat",2,,,3,"22.3213852,73.1629878",2000000,2548
"Vadodara, Gujarat",3,,,2,"22.3002320490991,73.2379467703341",5551000,6939
"Vadodara, Gujarat",3,1500,,4,"22.2754108,73.1538839",3600000,1895
"Vadodara, Gujarat",3,,,4,"22.2946904,73.1541585",5000000,12821
"Vadodara, Gujarat",3,800,,5,"22.2834525,73.1277473",4500000,4500
"Vadodara, Gujarat",3,,,5,"22.2834525,73.1277473",3000000,2069
"Vadodara, Gujarat",2,,,9,"22.3336943,73.12368155",4200000,2962
"Vadodara, Gujarat",3,,,4,"22.3143858,73.1379109",3200000,2133
"Vadodara, Gujarat",2,770,,,"22.3213852,73.1629878",4599999,4600
"Vadodara, Gujarat",3,,,,"22.295137,73.2486222",3020000,1911
"Vadodara, Gujarat",2,,,,"22.295137,73.2486222",1900000,2568
"Vadodara, Gujarat",2,,,5,"22.3284857713457,73.2144134087983",2300000,2706
"Vadodara, Gujarat",2,575,,,"22.3462145,73.1832085",1100000,1913
"Vadodara, Gujarat",2,,,,"22.3369071,73.1982995",1910000,1910
"Vadodara, Gujarat",2,,,5,"22.2811984,73.1924864",3600000,2975
"Vadodara, Gujarat",3,,,9,"22.2951626749092,73.1642419219825",10000000,4348
"Vadodara, Gujarat",3,800,,5,"22.2834525,73.1277473",3950000,3038
"Vadodara, Gujarat",2,,,4,"22.3156579,73.2247725",4000000,3125
"Vadodara, Gujarat",3,1400,,4,,8500000,4250
"Vadodara, Gujarat",2,,,,"22.2451575,73.0772294",2480000,1908
"Vadodara, Gujarat",2,,,,"22.2924032,73.1297514",2580000,1911
"Vadodara, Gujarat",2,896,,,"22.2924032,73.1297514",2580000,1911
"Vadodara, Gujarat",2,,,,"22.2924032,73.1297514",1910000,1910
"Vadodara, Gujarat",2,800,,,"22.3017256,73.23741",3130000,2566
"Vadodara, Gujarat",2,770,,,"22.3017256,73.23741",2200000,1913
"Vadodara, Gujarat",2,,,,"22.3127443,73.2351515",3080000,2567
"Vadodara, Gujarat",3,,,,"22.3353035,73.145161",9180000,3910
"Vadodara, Gujarat",2,,,,"22.3353035,73.145161",2800000,2571
"Vadodara, Gujarat",2,650,,,"22.3462145,73.1832085",1240000,
"Vadodara, Gujarat",2,750,,,"22.3462145,73.1832085",1950000,1910
"Vadodara, Gujarat",3,,,,"22.3462145,73.1832085",2670000,1907
"Vadodara, Gujarat",2,807,,,"22.3074961145886,73.2331666740289",5000000,6196
"Vadodara, Gujarat",2,,,,"22.319764,73.2106416",4370000,2571
"Vadodara, Gujarat",2,,,,"22.319764,73.2106416",2390000,1912
"Vadodara, Gujarat",2,950,,,"22.319764,73.2106416",2390000,1912
"Vadodara, Gujarat",2,730,,5,"22.31353872,73.12848093",2100000,2143
"Vadodara, Gujarat",2,750,,5,"22.2583667,73.208709",2300000,2190
"Vadodara, Gujarat",2,900,,5,"22.279216,73.146619",4100000,3565
"Vadodara, Gujarat",3,1039,,5,"22.2847421,73.1238962",4150000,2862
"Vadodara, Gujarat",3,2400,,,"22.2629871,73.1637253",9000000,3750
"Vadodara, Gujarat",2,630,,7,"22.2811984,73.1924864",4900000,4558
"Vadodara, Gujarat",3,1400,,4,"22.3143858,73.1379109",7500000,4230
"Vadodara, Gujarat",3,,,,"22.3073095,73.1810976",4110000,2569
"Vadodara, Gujarat",3,,,,"22.3073095,73.1810976",3210000,2568
"Vadodara, Gujarat",2,850,,,"22.3028999,73.2337779",2200000,1913
"Vadodara, Gujarat",2,850,,,"22.3028999,73.2337779",1620000,1906
"Vadodara, Gujarat",2,870,,,"22.3028999,73.2337779",2060000,1907
"Vadodara, Gujarat",3,,,,"22.2349546,73.1478682",2640000,2566
"Vadodara, Gujarat",3,,,,"22.3073095,73.1810976",3040000,2565
"Vadodara, Gujarat",3,680,,,"22.3073095,73.1810976",1750000,2574
"Vadodara, Gujarat",2,775,,,"22.296264,73.1983856",1480000,1910
"Vadodara, Gujarat",2,750,,,"22.296264,73.1983856",1430000,1907
"Vadodara, Gujarat",3,,,,"22.3055279,73.2654787",5280000,3911
"Vadodara, Gujarat",2,700,,5,"22.4778594,73.1934619",3600000,5143
"Vadodara, Gujarat",3,,,6,"22.2834525,73.1277473",4000000,2899
"Vadodara, Gujarat",3,1200,,8,"22.2811984,73.1924864",9600000,6000
"Vadodara, Gujarat",3,1150,,12,"22.2847421,73.1238962",8700000,4971
"Vadodara, Gujarat",3,800,,7,"22.3143858,73.1379109",2500000,2778
"Vadodara, Gujarat",2,,,5,"22.3139759,73.1747877",5100000,3517
"Vadodara, Gujarat",2,1000,,3,"22.3140477460972,73.1432756484381",3000000,
"Vadodara, Gujarat",3,,,5,"22.4778594,73.1934619",4800000,3340
"Vadodara, Gujarat",2,,,4,"22.251136,73.196864",2800000,2800
"Vadodara, Gujarat",2,,,,"22.3156579,73.2247725",10500000,8750
"Vadodara, Gujarat",2,964,,5,,2900000,2726
"Vadodara, Gujarat",2,750,,5,,3000000,3750
"Vadodara, Gujarat",3,895,,5,"22.2811984,73.1924864",5400000,6034
"Vadodara, Gujarat",2,639,,7,"22.2754108,73.1538839",2800000,4382
"Vadodara, Gujarat",2,930,,9,"22.2834525,73.1277473",2800000,2393
"Vadodara, Gujarat",3,,,5,"22.2847421,73.1238962",4200000,2800
"Vadodara, Gujarat",3,970,,5,"22.3156579,73.2247725",5500000,
"Vadodara, Gujarat",3,800,,5,"22.3197481,73.2264919",3300000,2750
"Vadodara, Gujarat",2,780,,,"22.3213852,73.1629878",4850000,3880
"Vadodara, Gujarat",2,980,,4,"22.2834525,73.1277473",5100000,3400
"Vadodara, Gujarat",2,650,,6,"22.3572269,73.2013352",3600000,3429
"Vadodara, Gujarat",2,,,6,"22.2873932,73.1556125",4000000,4000
"Vadodara, Gujarat",3,1037,,14,"22.2811984,73.1924864",9000000,
"Vadodara, Gujarat",2,509,,,"22.2801525719345,73.2254047657751",4000000,4000
"Vadodara, Gujarat",2,,,4,"22.298276,73.133336",5500000,4400
"Vadodara, Gujarat",3,,,5,"22.4778594,73.1934619",6000000,3429
"Vadodara, Gujarat",3,1500,,5,"22.2834525,73.1277473",4500000,
"Vadodara, Gujarat",2,,,7,"22.3002320490991,73.2379467703341",3300000,2694
"Vadodara, Gujarat",3,880,,5,"22.2834525,73.1277473",3100000,2422
"Vadodara, Gujarat",3,1000,,4,"22.3213852,73.1629878",5200000,3467
"Vadodara, Gujarat",2,,,,"22.272061,73.2426251",1910000,1910
"Vadodara, Gujarat",2,,,,"22.272061,73.2426251",1210000,1862
"Vadodara, Gujarat",3,,,,"22.3028999,73.2337779",4370000,2571
"Vadodara, Gujarat",3,,,,"22.3028999,73.2337779",3080000,2567
"Vadodara, Gujarat",3,,,,"22.3073095,73.1810976",3340000,2569
"Vadodara, Gujarat",3,790,,,"22.3055279,73.2654787",2030000,2570
"Vadodara, Gujarat",3,1750,,,"22.2803126315282,73.1507244811002",8700000,
"Vadodara, Gujarat",2,715,,7,"22.3430556,73.1902778",5200000,
"Vadodara, Gujarat",2,,,8,"22.2754108,73.1538839",3100000,2689
"Vadodara, Gujarat",2,1065,,4,"22.3309559,73.1851121",5600001,
"Vadodara, Gujarat",2,,,,"22.3143858,73.1379109",6500000,5118
"Vadodara, Gujarat",2,,,2,"22.2879614,73.2057561",2300000,3129
"Vadodara, Gujarat",2,600,,5,"22.26500738,73.15314296",2200000,2619
"Vadodara, Gujarat",2,,,1,"22.2847421,73.1238962",2700000,3600
"Vadodara, Gujarat",3,1450,,2,"22.2801525719345,73.2254047657751",6700000,13531
"Vadodara, Gujarat",2,750,,4,"22.2847421,73.1238962",2100000,2625
"Vadodara, Gujarat",3,1500,,5,"22.3074961145886,73.2331666740289",3100000,2067
"Vadodara, Gujarat",2,650,,5,"22.3156579,73.2247725",3000000,4000
"Vadodara, Gujarat",2,,,6,"22.3428781,73.1648315",3800000,3408
"Vadodara, Gujarat",3,,,,"22.3428781,73.1648315",6100000,3963
"Vadodara, Gujarat",2,,,,"22.3428781,73.1648315",3275000,3804
"Vadodara, Gujarat",2,515,,10,"22.2404134,73.20281",2750000,3929
"Vadodara, Gujarat",3,1100,,4,"22.3121814,73.1545062",8200000,4970
"Vadodara, Gujarat",3,,,,"22.3418779,73.167019",3858841,2827
"Vadodara, Gujarat",3,,,6,"22.2811984,73.1924864",6000000,3582
"Vadodara, Gujarat",2,,,10,"22.2834525,73.1277473",3000000,2542
"Vadodara, Gujarat",3,695,,5,"22.2629871,73.1637253",3400000,4293
"Vadodara, Gujarat",2,,,5,"22.3143858,73.1379109",2700000,2660
"Vadodara, Gujarat",2,,,9,,3000000,3750
"Vadodara, Gujarat",2,,,6,"22.3602266,73.166111",2300000,2805
"Vadodara, Gujarat",2,,,7,"22.2803126315282,73.1507244811002",1950000,2991
"Vadodara, Gujarat",2,,,11,"22.3074961145886,73.2331666740289",2800000,2333
"Vadodara, Gujarat",2,750,,5,"22.2879614,73.2057561",1800000,1895
"Vadodara, Gujarat",2,750,,5,"22.3572269,73.2013352",3200000,2560
"Vadodara, Gujarat",3,1105,,12,"22.4778594,73.1934619",7000000,4667
"Vadodara, Gujarat",3,,,4,"22.3156579,73.2247725",7000000,5833
"Vadodara, Gujarat",3,1100,,4,"22.3367649,73.1718377",6500000,4815
"Vadodara, Gujarat",2,,,9,"22.2834525,73.1277473",2900000,2479
"Vadodara, Gujarat",2,,,7,"22.3158732,73.117995",2800000,4375
"Vadodara, Gujarat",2,1100,,5,"22.2754108,73.1538839",3500000,2800
"Vadodara, Gujarat",3,1120,,5,"22.2754108,73.1538839",4300000,2166
"Vadodara, Gujarat",2,,,5,"22.3130909,73.2245625",4500000,5000
"Vadodara, Gujarat",3,,,,"22.2968775,73.1468274",5500000,7333
"Vadodara, Gujarat",2,,,,"22.2968775,73.1468274",4800000,6000
"Vadodara, Gujarat",2,1015,,9,"22.2803126315282,73.1507244811002",2800000,
"Vadodara, Gujarat",3,,,,"22.3002320490991,73.2379467703341",5500000,9076
"Vadodara, Gujarat",3,,,5,"22.2847421,73.1238962",4300000,2606
"Vadodara, Gujarat",3,950,,,"22.3302365,73.20998",2310000,2567
"Vadodara, Gujarat",2,1150,,,"22.2853416,73.175834",9000000,6429
"Vadodara, Gujarat",2,752,,,"22.271826,73.189371",1800000,1915
"Vadodara, Gujarat",3,600,,,"22.271826,73.189371",2350000,3917
"Vadodara, Gujarat",3,,,,"22.3302365,73.20998",2310000,2567
"Vadodara, Gujarat",2,,,,"22.3302365,73.20998",1930000,2573
"Vadodara, Gujarat",3,,,2,"22.3002320490991,73.2379467703341",5500000,3819
"Vadodara, Gujarat",2,,,2,"22.278333,73.2012456",6000000,7229
"Vadodara, Gujarat",3,,,10,"22.2741991,73.2339119",3500000,2917
"Vadodara, Gujarat",3,,,,"22.304719,73.1556125",6454696,
"Vadodara, Gujarat",3,,,9,,10500000,5688
"Vadodara, Gujarat",2,950,,5,"22.2834525,73.1277473",2150000,1593
"Vadodara, Gujarat",2,,,5,"22.3445464,73.1364357",3400000,3238
"Vadodara, Gujarat",2,1200,,9,"22.2754108,73.1538839",3000000,2500
"Vadodara, Gujarat",3,,,6,"22.301683,73.234702",4200000,4000
"Vadodara, Gujarat",2,705,,13,"22.2754108,73.1538839",2500000,2924
"Vadodara, Gujarat",3,980,,,"22.3476229,73.1924864",2950000,2565
"Vadodara, Gujarat",2,,,4,"22.2811984,73.1924864",2400000,3200
"Vadodara, Gujarat",2,,,3,"22.3139759,73.1747877",2400000,2437
"Vadodara, Gujarat",2,,,,"22.2741991,73.2339119",4000000,4000
"Vadodara, Gujarat",3,,,4,"22.2583667,73.208709",4900000,2970
"Vadodara, Gujarat",2,,,9,"22.2834525,73.1277473",2300000,2158
"Vadodara, Gujarat",2,900,,2,"22.3156579,73.2247725",2700000,3000
"Vadodara, Gujarat",3,,,,"22.3048522,73.2249304",4110000,2569
"Vadodara, Gujarat",2,650,,,"22.3048522,73.2249304",1810000,1905
"Vadodara, Gujarat",2,1050,,10,"22.2960225,73.1688878",4500000,
"Vadodara, Gujarat",2,800,,4,"22.2951626749092,73.1642419219825",3200000,2667
"Vadodara, Gujarat",2,,,9,"22.2834525,73.1277473",2100000,1801
"Vadodara, Gujarat",2,,,6,"22.2847421,73.1238962",2100000,2800
"Vadodara, Gujarat",2,535,,7,"22.2811984,73.1924864",2700000,
"Vadodara, Gujarat",3,,,7,"22.3430556,73.1902778",4500000,3333
"Vadodara, Gujarat",2,,,3,"22.3140477460972,73.1432756484381",2800000,3515
"Vadodara, Gujarat",3,,,6,"22.2834525,73.1277473",8500000,3282
"Vadodara, Gujarat",3,910,,5,"22.2847421,73.1238962",4100000,3694
"Vadodara, Gujarat",2,1200,,4,"22.2803126315282,73.1507244811002",3900000,2364
"Vadodara, Gujarat",3,,,9,"22.3143858,73.1379109",4050000,2952
"Vadodara, Gujarat",3,,,8,"22.3143858,73.1379109",3950000,2992
"Vadodara, Gujarat",3,1275,,12,"22.3074961145886,73.2331666740289",4500000,2711
"Vadodara, Gujarat",2,,,8,"22.4778594,73.1934619",4100000,5467
"Vadodara, Gujarat",3,790,,,"22.3002320490991,73.2379467703341",6500000,5652
"Vadodara, Gujarat",3,900,,5,"22.2834525,73.1277473",4600000,3680
"Vadodara, Gujarat",2,755,,5,"22.3422361,73.1880106",3500000,
"Vadodara, Gujarat",3,1765,,6,"22.3158732,73.117995",5500000,
"Vadodara, Gujarat",2,700,,7,"22.2811984,73.1924864",4500000,5294
"Vadodara, Gujarat",3,905,,7,"22.2873932,73.1556125",5600000,5328
"Vadodara, Gujarat",2,940,,4,"22.2951626749092,73.1642419219825",3100000,2313
"Vadodara, Gujarat",3,,,6,"22.2834525,73.1277473",8500000,4595
"Vadodara, Gujarat",3,,,4,"22.2834525,73.1277473",7000000,4242
"Vadodara, Gujarat",3,,,14,"22.2834525,73.1277473",6500000,3939
"Vadodara, Gujarat",3,,,13,"22.2834525,73.1277473",6300000,3818
"Vadodara, Gujarat",3,,,11,"22.2834525,73.1277473",7700000,4219
"Vadodara, Gujarat",3,875,,5,"22.2847421,73.1238962",3899000,2689
"Vadodara, Gujarat",3,1385,,5,"22.2629871,73.1637253",4500000,3249
"Vadodara, Gujarat",2,,,2,"22.2834525,73.1277473",6000000,6889
"Vadodara, Gujarat",3,,,,"22.2811984,73.1924864",7500000,5495
"Vadodara, Gujarat",2,,,14,"22.3143858,73.1379109",4000000,3509
"Vadodara, Gujarat",2,750,,4,"22.3602266,73.166111",3000000,2762
"Vadodara, Gujarat",3,,,5,"22.3143858,73.1379109",6500000,5866
"Vadodara, Gujarat",3,1256,,5,"22.2946904,73.1541585",3500000,
"Vadodara, Gujarat",2,,,5,"22.3002320490991,73.2379467703341",4500000,5000
"Vadodara, Gujarat",2,650,,7,"22.2834525,73.1277473",3000000,2857
"Vadodara, Gujarat",3,,,,"22.2583667,73.208709",4200000,3360
"Vadodara, Gujarat",2,,,4,"22.2801525719345,73.2254047657751",3150000,3153
"Vadodara, Gujarat",3,850,,5,"22.2629871,73.1637253",4400000,3520
"Vadodara, Gujarat",2,,,5,"22.328403,73.24944",1670000,2227
"Vadodara, Gujarat",3,1080,,9,"22.2629871,73.1637253",3800000,2000
"Vadodara, Gujarat",3,,,,"22.2960225,73.1688878",4300000,5375
"Vadodara, Gujarat",2,,,9,"22.2754108,73.1538839",2800000,3500
"Vadodara, Gujarat",2,,,12,"22.2803126315282,73.1507244811002",2600000,2562
"Vadodara, Gujarat",3,,,4,"22.2754108,73.1538839",4000000,2353
"Vadodara, Gujarat",3,,,4,"22.2754108,73.1538839",3825000,2250
"Vadodara, Gujarat",3,1200,,6,"22.2847421,73.1238962",4500000,2647
"Vadodara, Gujarat",3,,,4,"22.2754108,73.1538839",4200000,2471
"Vadodara, Gujarat",3,1275,,4,"22.2803126315282,73.1507244811002",4200000,
"Vadodara, Gujarat",2,,,9,"22.2834525,73.1277473",2600000,2228
"Vadodara, Gujarat",2,970,,5,"22.2847421,73.1238962",3000000,2801
"Vadodara, Gujarat",2,700,,5,"22.2629871,73.1637253",3300000,3143
"Vadodara, Gujarat",2,750,,5,"22.3143858,73.1379109",2500000,2463
"Vadodara, Gujarat",2,650,,7,"22.2834525,73.1277473",3800000,3619
"Vadodara, Gujarat",2,823,,9,,4200000,4667
"Vadodara, Gujarat",3,5000,,,"22.2960225,73.1688878",30000000,13636
"Vadodara, Gujarat",2,1100,,5,"22.4778594,73.1934619",4200000,3360
"Vadodara, Gujarat",2,,,6,"22.3002320490991,73.2379467703341",2200000,2000
"Vadodara, Gujarat",3,1000,,6,"22.2834525,73.1277473",3000000,1875
"Vadodara, Gujarat",3,,,5,"22.2811984,73.1924864",6000000,3750
"Vadodara, Gujarat",2,950,,10,"22.2946904,73.1541585",4000000,3636
"Vadodara, Gujarat",2,,,9,,3000000,3077
"Vadodara, Gujarat",2,950,,10,"22.2946904,73.1541585",4000000,3636
"Vadodara, Gujarat",3,1050,,7,"22.2847421,73.1238962",4000000,3810
"Vadodara, Gujarat",3,1000,,,"22.2946904,73.1541585",6500000,4199
"Vadodara, Gujarat",2,,,7,"22.3002320490991,73.2379467703341",3600000,3600
"Vadodara, Gujarat",3,1035,,5,"22.3143858,73.1379109",4900000,3267
"Vadodara, Gujarat",3,,,,"22.2951626749092,73.1642419219825",10000000,5000
"Vadodara, Gujarat",3,1350,,22,"22.3309559,73.1851121",8000000,4571
"Vadodara, Gujarat",3,2000,,,"22.3156579,73.2247725",15000005,6000
"Vadodara, Gujarat",2,,,5,"22.3143858,73.1379109",2800000,2324
"Vadodara, Gujarat",2,1100,,5,"22.3140477460972,73.1432756484381",3950000,
"Vadodara, Gujarat",3,1100,,5,"22.2834525,73.1277473",5700000,
"Vadodara, Gujarat",2,600,,4,"22.3361542,73.14831",3000000,4000
"Vadodara, Gujarat",2,,,4,,2700000,3273
"Vadodara, Gujarat",3,1500,,3,"22.3418779,73.167019",12500000,8333
"Vadodara, Gujarat",3,1000,,7,"22.3156579,73.2247725",7600000,5429
"Vadodara, Gujarat",2,,,8,"22.3201,73.2066",2300000,2000
"Vadodara, Gujarat",2,,,5,"22.2754108,73.1538839",2250000,2045
"Vadodara, Gujarat",2,800,,4,"22.2951626749092,73.1642419219825",2751000,2751
"Vadodara, Gujarat",3,1018,,7,"22.3158732,73.117995",5250000,3127
"Vadodara, Gujarat",3,300,,,,4500000,4286
"Vadodara, Gujarat",2,575,,5,"22.3158732,73.117995",2500000,3571
"Vadodara, Gujarat",3,1360,,10,"22.4778594,73.1934619",6200000,3713
"Vadodara, Gujarat",3,,,11,"22.2847421,73.1238962",8800000,7458
"Vadodara, Gujarat",2,1150,,5,"22.2834525,73.1277473",2650000,3174
"Vadodara, Gujarat",2,,,32,"22.2754108,73.1538839",3150000,2732
"Vadodara, Gujarat",2,1650,,,"22.2946904,73.1541585",12500000,7576
"Vadodara, Gujarat",2,950,,5,"22.251136,73.196864",4300000,4526
"Vadodara, Gujarat",3,,,6,"22.3572269,73.2013352",5500000,4138
"Vadodara, Gujarat",2,750,,5,"22.2909927,73.2440996",2590000,2355
"Vadodara, Gujarat",3,520,,3,"22.2811984,73.1924864",1950000,3145
"Vadodara, Gujarat",3,,,,"22.345112,73.192073",15000000,8824
"Vadodara, Gujarat",2,850,,5,"22.2803126315282,73.1507244811002",3200000,2667
"Vadodara, Gujarat",3,980,,5,"22.2847421,73.1238962",3500000,2593
"Vadodara, Gujarat",2,,,5,"22.2834525,73.1277473",3500000,3182
"Vadodara, Gujarat",3,880,,4,"22.2935565218936,73.1710832612599",5651000,3344
"Vadodara, Gujarat",3,900,,5,"22.2607727,73.1191015",2400000,1920
"Vadodara, Gujarat",3,,,5,"22.2879122,73.2013352",4500000,3766
"Vadodara, Gujarat",2,1000,,6,"22.3445464,73.1364357",3500000,
"Vadodara, Gujarat",3,,,5,"22.3143858,73.1379109",6500000,4530
"Vadodara, Gujarat",3,1040,,13,"22.2834525,73.1277473",11100000,6727
"Vadodara, Gujarat",2,,,,"22.3143858,73.1379109",3500000,8750
"Vadodara, Gujarat",2,1150,,4,,2950000,2565
"Vadodara, Gujarat",3,,,5,"22.2847421,73.1238962",4000000,2462
"Vadodara, Gujarat",3,,,7,"22.2763205,73.2146078",3500000,4167
"Vadodara, Gujarat",2,740,,4,"22.3309559,73.1851121",3000000,
"Vadodara, Gujarat",2,763,,5,"22.2847421,73.1238962",3750000,3261
"Vadodara, Gujarat",2,725,,7,"22.4778594,73.1934619",4200000,4463
"Vadodara, Gujarat",2,,,13,"22.3074961145886,73.2331666740289",3500000,3043
"Vadodara, Gujarat",2,,,9,"22.2811984,73.1924864",5500000,4314
"Vadodara, Gujarat",3,1650,,4,"22.3143858,73.1379109",6500000,2889
"Vadodara, Gujarat",2,,,6,"22.2847421,73.1238962",3500000,5000
"Vadodara, Gujarat",3,,,4,"22.3156579,73.2247725",6500000,3736
"Vadodara, Gujarat",2,,,,"22.3197481,73.2264919",10000000,7205
"Vadodara, Gujarat",3,1450,,8,"22.3158732,73.117995",7000000,3500
"Vadodara, Gujarat",2,,,5,"22.2811984,73.1924864",2900000,3222
"Vadodara, Gujarat",2,810,,7,"22.3156579,73.2247725",4490000,
"Vadodara, Gujarat",3,770,,7,"22.2847421,73.1238962",4450000,4890
"Vadodara, Gujarat",3,1447,,11,"22.2629871,73.1637253",10000000,6061
"Vadodara, Gujarat",3,1200,,4,"22.3143858,73.1379109",6500000,4062
"Vadodara, Gujarat",2,,,10,"22.3140477460972,73.1432756484381",3600000,2687
"Vadodara, Gujarat",3,1320,,2,"22.2873932,73.1556125",13107860,
"Vadodara, Gujarat",2,,,3,"22.3121814,73.1545062",3000000,3093
"Vadodara, Gujarat",3,1100,,9,"22.3143858,73.1379109",4700000,3456
"Vadodara, Gujarat",2,,,4,"22.3121814,73.1545062",2500000,3125
"Vadodara, Gujarat",3,1000,,4,"22.3073095,73.1810976",4800000,2743
"Vadodara, Gujarat",3,,,10,"22.3158732,73.117995",4600000,3121
"Vadodara, Gujarat",2,600,,5,"22.3572269,73.2013352",3600000,3429
"Vadodara, Gujarat",2,785,,12,"22.3579522,73.1674128",5250000,4390
"Vadodara, Gujarat",2,,,7,"22.2828534,73.1740502",3000000,3333
"Vadodara, Gujarat",2,,,6,"22.2754108,73.1538839",3000000,3161
"Vadodara, Gujarat",3,1300,,7,"22.2811984,73.1924864",6000000,3429
"Vadodara, Gujarat",3,1300,,5,"22.2847421,73.1238962",4498690,2999
"Vadodara, Gujarat",3,,,,"22.304719,73.1556125",6500000,6701
"Vadodara, Gujarat",2,,,4,"22.3190505,73.2550499",2300000,1917
"Vadodara, Gujarat",2,,,,"22.3190505,73.2550499",4700000,6267
"Vadodara, Gujarat",2,,,4,"22.271826,73.189371",3300000,3511
"Vadodara, Gujarat",3,,,,"22.271826,73.189371",2800000,4667
"Vadodara, Gujarat",3,,,4,"22.2497406,73.200603",5900000,2950
"Vadodara, Gujarat",2,,,4,"22.3369071,73.1982995",3000000,3000
"Vadodara, Gujarat",3,,,,"22.3302365,73.20998",6700000,7444
"Vadodara, Gujarat",2,963,,17,"22.3201,73.2066",9999999,6215
"Vadodara, Gujarat",3,,,9,"22.2754108,73.1538839",5100000,2948
"Vadodara, Gujarat",2,,,5,"22.2834525,73.1277473",2300000,2421
"Vadodara, Gujarat",3,800,,5,"22.2847421,73.1238962",3800000,3455
"Vadodara, Gujarat",2,,,3,"22.2451575,73.0772294",4900000,3769
"Vadodara, Gujarat",2,,,,"22.3143858,73.1379109",4200000,3231
"Vadodara, Gujarat",2,780,,13,"22.4778594,73.1934619",6000000,
"Vadodara, Gujarat",3,950,,5,"22.3572269,73.2013352",5100000,3778
"Vadodara, Gujarat",3,1080,,6,"22.2873932,73.1556125",6500000,5078
"Vadodara, Gujarat",2,,,4,"22.2754108,73.1538839",2500000,3125
"Vadodara, Gujarat",3,925,,4,"22.3156579,73.2247725",6800000,4533
"Vadodara, Gujarat",2,732,,7,"22.2847421,73.1238962",4900000,3920
"Vadodara, Gujarat",3,,,12,"22.2754108,73.1538839",3500000,3205
"Vadodara, Gujarat",2,750,,7,"22.2879122,73.2013352",1800000,2769
"Vadodara, Gujarat",2,1050,,5,"22.2879614,73.2057561",4000000,3478
"Vadodara, Gujarat",3,1370,,10,"22.3158732,73.117995",8973000,3953
"Vadodara, Gujarat",3,525,,,"22.3002320490991,73.2379467703341",4200000,3871
"Vadodara, Gujarat",3,1200,,,"22.3002320490991,73.2379467703341",7500000,6250
"Vadodara, Gujarat",2,705,,14,"22.2404134,73.20281",3800000,3800
"Vadodara, Gujarat",3,1200,,4,"22.3143858,73.1379109",4900000,2722
"Vadodara, Gujarat",2,750,,5,"22.3579522,73.1674128",4200000,4118
"Vadodara, Gujarat",3,1000,,5,"22.3002320490991,73.2379467703341",4300000,2867
"Vadodara, Gujarat",3,,,11,"22.2754108,73.1538839",4100000,2503
"Vadodara, Gujarat",3,1004,,,"22.2583667,73.208709",7000000,6744
"Vadodara, Gujarat",3,,,,"22.2811984,73.1924864",6500000,3824
"Vadodara, Gujarat",2,,,3,"22.2879614,73.2057561",1300000,1083
"Vadodara, Gujarat",3,900,,5,"22.2754108,73.1538839",3700000,3700
"Vadodara, Gujarat",3,1080,,5,"22.2847421,73.1238962",5981000,3987
"Vadodara, Gujarat",3,700,,1,"22.3081964,73.2130409",2100000,3000
"Vadodara, Gujarat",2,,,4,"22.3270584,73.20281",3600000,4000
"Vadodara, Gujarat",3,,,,"22.3270584,73.20281",7000000,4169
"Vadodara, Gujarat",2,,,4,"22.3164344,73.2149765",2600000,2261
"Vadodara, Gujarat",2,,,4,"22.3164344,73.2149765",2600000,2261
"Vadodara, Gujarat",2,,,4,"22.3164344,73.2149765",3000000,4196
"Vadodara, Gujarat",3,1150,,4,"22.2811984,73.1924864",6800000,4857
"Vadodara, Gujarat",2,700,,7,"22.3158732,73.117995",2650000,3533
"Vadodara, Gujarat",3,1100,,,"22.2946904,73.1541585",6900000,
"Vadodara, Gujarat",3,1800,,9,"22.2834525,73.1277473",6999999,3415
"Vadodara, Gujarat",3,,,2,"22.2801525719345,73.2254047657751",4200000,4098
"Vadodara, Gujarat",3,1100,,4,"22.4778594,73.1934619",6500000,3714
"Vadodara, Gujarat",2,,,3,"22.3164344,73.2149765",1800000,2250
"Vadodara, Gujarat",2,900,,3,"22.31353872,73.12848093",3000000,2727
"Vadodara, Gujarat",2,,,5,"22.2754108,73.1538839",2400000,3200
"Vadodara, Gujarat",3,,,8,"22.3104614,73.1688878",12500000,6250
"Vadodara, Gujarat",3,,,,"22.373301,73.1895367",4100000,3417
"Vadodara, Gujarat",2,,,,"22.3002320490991,73.2379467703341",4000000,5714
"Vadodara, Gujarat",3,,,,"22.2538431,73.0980773",4000000,2667
"Vadodara, Gujarat",2,,,,"22.3676453,73.1364357",6000000,6316
"Vadodara, Gujarat",3,1114,,4,"22.3143858,73.1379109",4800000,2595
"Vadodara, Gujarat",3,1240,,,"22.2828534,73.1740502",15000000,9677
"Vadodara, Gujarat",2,1100,,,"22.304719,73.1556125",6500000,
"Vadodara, Gujarat",3,1024,,12,"22.3579522,73.1674128",4500000,3462
"Vadodara, Gujarat",3,1050,,11,"22.3156579,73.2247725",9500000,7600
"Vadodara, Gujarat",3,889,,7,"22.2834525,73.1277473",4000000,2909
"Vadodara, Gujarat",2,1210,,10,"22.2404134,73.20281",5000000,3333
"Vadodara, Gujarat",3,1144,,2,"22.3002320490991,73.2379467703341",6000000,5063
"Vadodara, Gujarat",3,980,,5,"22.26500738,73.15314296",4500000,2903
"Vadodara, Gujarat",3,1250,,3,"22.278333,73.2012456",3950000,2026
"Vadodara, Gujarat",3,1050,,4,"22.2811984,73.1924864",4600000,2968
"Vadodara, Gujarat",2,850,,9,"22.298276,73.133336",3200000,2667
"Vadodara, Gujarat",2,700,,5,"22.3140477460972,73.1432756484381",3200000,3636
"Vadodara, Gujarat",2,,,4,"22.3213852,73.1629878",2285000,2539
"Vadodara, Gujarat",2,850,,5,"22.2879614,73.2057561",3800000,3304
"Vadodara, Gujarat",3,,,9,"22.3092,73.1848",7500000,4399
"Vadodara, Gujarat",2,,,5,"22.2803126315282,73.1507244811002",2100000,2211
"Vadodara, Gujarat",3,1150,,,"22.186715,73.209981",3800000,
"Vadodara, Gujarat",2,1000,,9,"22.30756136,73.18413519",4500000,3333
"Vadodara, Gujarat",2,,,5,"22.3156579,73.2247725",3600000,3810
"Vadodara, Gujarat",2,850,,4,"22.3139759,73.1747877",4800000,4174
"Vadodara, Gujarat",2,,,6,"22.3143858,73.1379109",2700000,2983
"Vadodara, Gujarat",3,,,5,"22.328403,73.24944",4200000,2857
"Vadodara, Gujarat",2,763,,13,"22.4778594,73.1934619",5000000,4167
"Vadodara, Gujarat",2,,,5,"22.2834525,73.1277473",3500000,2917
"Vadodara, Gujarat",3,,,4,"22.2811984,73.1924864",4200000,3146
"Vadodara, Gujarat",2,1050,,5,,2500000,2000
"Vadodara, Gujarat",2,,,4,"22.3197481,73.2264919",2600000,1857
"Vadodara, Gujarat",2,750,,9,"22.3143858,73.1379109",4500000,3782
"Vadodara, Gujarat",2,670,,8,"22.2946904,73.1541585",3200000,3765
"Vadodara, Gujarat",2,850,,5,"22.4778594,73.1934619",5700000,4560
"Vadodara, Gujarat",3,900,,4,"22.2960225,73.1688878",4950000,3414
"Vadodara, Gujarat",2,817,,9,"22.2834525,73.1277473",2400000,2058
"Vadodara, Gujarat",2,,,6,"22.2834525,73.1277473",3400000,3778
"Vadodara, Gujarat",3,1500,,5,"22.2847421,73.1238962",6700000,
"Vadodara, Gujarat",3,,,,"22.3302365,73.20998",4000000,4444
"Vadodara, Gujarat",3,,,,"22.2968775,73.1468274",5500000,7333
"Vadodara, Gujarat",2,,,,"22.2968775,73.1468274",4800000,6000
"Vadodara, Gujarat",2,700,,12,"22.3074961145886,73.2331666740289",2700000,2379
"Vadodara, Gujarat",3,,,7,"22.2834525,73.1277473",5100000,2901
"Vadodara, Gujarat",3,,,,"22.3143858,73.1379109",8000000,5714
"Vadodara, Gujarat",2,,,5,"22.2847421,73.1238962",2700000,2812
"Vadodara, Gujarat",2,925,,14,"22.3430556,73.1902778",4200000,3544
"Vadodara, Gujarat",3,850,,5,"22.2466107,73.1930284",4000000,3810
"Vadodara, Gujarat",3,,,5,"22.2754108,73.1538839",4000000,2759
"Vadodara, Gujarat",2,758,,7,"22.3002320490991,73.2379467703341",6200000,4133
"Vadodara, Gujarat",2,685,,1,"22.2951626749092,73.1642419219825",4800000,3310
"Vadodara, Gujarat",3,900,,6,"22.2535276,73.1338791",3600000,3429
"Vadodara, Gujarat",3,1300,,4,"22.2834525,73.1277473",6500000,4062
"Vadodara, Gujarat",2,950,,9,"22.2803126315282,73.1507244811002",3140000,2512
"Vadodara, Gujarat",2,700,,4,"22.3572269,73.2013352",3000000,3429
"Vadodara, Gujarat",3,1800,,6,"22.310543,73.1651125",15000000,7500
"Vadodara, Gujarat",3,,,13,,3275000,4681
"Vadodara, Gujarat",2,,,5,"22.2803126315282,73.1507244811002",3000000,2609
"Vadodara, Gujarat",3,,,5,"22.298276,73.133336",3400000,2345
"Vadodara, Gujarat",3,,,4,"22.298276,73.133336",6200000,3444
"Vadodara, Gujarat",2,650,,20,"22.26057252,73.17217428",3500000,3038
"Vadodara, Gujarat",3,1010,,10,"22.2847421,73.1238962",5600000,3230
"Vadodara, Gujarat",2,725,,5,"22.290485,73.1441355",3300000,
"Vadodara, Gujarat",3,1600,,,"22.3139759,73.1747877",13000000,8125
"Vadodara, Gujarat",2,900,,2,"22.310543,73.1651125",4000000,
"Vadodara, Gujarat",2,850,,4,"22.3002320490991,73.2379467703341",3151000,2604
"Vadodara, Gujarat",3,1250,,,,6000000,
"Vadodara, Gujarat",2,,,5,"22.2811984,73.1924864",3000000,4286
"Vadodara, Gujarat",2,650,,3,"22.3002320490991,73.2379467703341",1700000,2429
"Vadodara, Gujarat",2,658,,5,"22.2754108,73.1538839",3100000,2770
"Vadodara, Gujarat",2,900,,4,"22.3143858,73.1379109",3600000,2665
"Vadodara, Gujarat",3,,,,"22.2583667,73.208709",8800000,7040
"Vadodara, Gujarat",3,1500,,7,"22.2847421,73.1238962",6500000,2995
"Vadodara, Gujarat",3,903,,8,"22.3158732,73.117995",4971000,3671
"Vadodara, Gujarat",3,,,4,"22.2535276,73.1338791",3950000,3835
"Vadodara, Gujarat",3,1450,,4,"22.3139759,73.1747877",7000000,3182
"Vadodara, Gujarat",2,1208,,5,"22.2404134,73.20281",2500000,2941
"Vadodara, Gujarat",2,760,,5,"22.2629871,73.1637253",3500000,2966
"Vadodara, Gujarat",2,700,,4,"22.2583667,73.208709",2800000,2800
"Vadodara, Gujarat",3,1200,,,"22.3178036,73.1836372",6500000,3611