id,posted_date,price,price_per_sq_ft,currency,carpet_area,land_area_unit,balconies,bathrooms,facing,floors,city_name,bedrooms,address,covered_area,carp_area_unit,cov_area_unit,operating_since
71113069,2026-03-17T21:32:27.000Z,6800000,6182,₹,,,3,2,East,14,Lucknow,2,"Lucknow, Uttar Pradesh",1100,,12800,
57783033,2026-03-14T23:35:08.000Z,5200000,5778,₹,,,1,2,East,10,Kanpur,2,"Kanpur, Uttar Pradesh",900,,12800,
82524455,2026-03-19T23:31:22.000Z,11000000,6433,₹,1300,,4,3,East,13,Kanpur,3,"Kanpur, Uttar Pradesh",1710,,12800,
82812189,2026-03-23T23:49:22.000Z,5500000,4783,₹,1000,,2,2,North - East,5,Kanpur,2,"Kanpur, Uttar Pradesh",1150,,12800,
78395343,2026-02-11T05:43:24.000Z,6300000,3853,₹,1635,,2,2,,2,Kanpur,3,"Kanpur, Uttar Pradesh",1635,,12800,
82181065,2026-03-25T23:31:41.000Z,12500000,10417,₹,900,,3,2,East,4,Kanpur,3,"Kanpur, Uttar Pradesh",1200,,12800,
78640505,2026-01-28T22:30:34.000Z,11600000,6470,₹,1350,,3,3,East,5,Kanpur,3,"Kanpur, Uttar Pradesh",1793,,12800,
82934281,2026-03-08T23:42:30.000Z,6300000,5122,₹,991,,2,2,,14,Kanpur,2,"Kanpur, Uttar Pradesh",1230,,12800,
74336647,2026-03-21T23:32:07.000Z,4000000,4706,₹,,,,2,,4,Kanpur,2,"Kanpur, Uttar Pradesh",850,,12800,
80845339,2026-03-08T23:34:02.000Z,7000000,6364,₹,970,,1,2,,4,Kanpur,2,"Kanpur, Uttar Pradesh",1100,,12800,
53314737,2026-03-21T23:32:14.000Z,4500000,4500,₹,,,2,2,North,4,Kanpur,2,"Kanpur, Uttar Pradesh",1000,,12800,
83711089,2026-03-09T22:35:29.000Z,4500000,2663,₹,,,,2,North,3,Kanpur,3,"Kanpur, Uttar Pradesh",157,,12801,
82607441,2026-03-16T23:31:44.000Z,5300000,4549,₹,1000,,2,2,East,3,Kanpur,2,"Kanpur, Uttar Pradesh",1165,,12800,
57455877,2026-03-25T23:39:07.000Z,3200000,4267,₹,800,,1,2,North,4,Kanpur,2,"Kanpur, Uttar Pradesh",750,,12800,
81287307,2026-03-26T06:50:25.000Z,30000000,10714,₹,,,,3,,,Kanpur,3,"Kanpur, Uttar Pradesh",2800,,12800,
67755247,2026-03-24T06:44:07.000Z,5470000,3039,₹,,,,3,,,Kanpur,3,"Kanpur, Uttar Pradesh",1800,,12800,
67755243,2026-03-24T06:44:02.000Z,5310000,3034,₹,,,,2,,,Kanpur,3,"Kanpur, Uttar Pradesh",1750,,12800,
67755241,2026-03-24T06:44:00.000Z,7000000,5833,₹,,,,2,,,Kanpur,2,"Kanpur, Uttar Pradesh",1200,,12800,
67755221,2026-03-24T06:43:42.000Z,4560000,3040,₹,,,,2,,,Kanpur,3,"Kanpur, Uttar Pradesh",1500,,12800,
67755219,2026-03-24T06:43:39.000Z,3520000,3438,₹,,,,2,,,Kanpur,3,"Kanpur, Uttar Pradesh",1024,,12800,
67755205,2026-03-24T06:43:32.000Z,2580000,3440,₹,,,,2,,,Kanpur,2,"Kanpur, Uttar Pradesh",750,,12800,
67755199,2026-03-24T06:43:24.000Z,3500000,41667,₹,84,12850,,1,,,Kanpur,2,"Kanpur, Uttar Pradesh",,,,
83821601,2026-03-17T09:57:10.000Z,11000000,6875,₹,1500,,2,3,South -West,4,Kanpur,3,"Kanpur, Uttar Pradesh",1600,,12800,
83914753,2026-03-23T15:15:05.000Z,6000000,6667,₹,,,,2,,6,Kanpur,2,"Kanpur, Uttar Pradesh",900,,12800,
80307895,2026-03-22T22:30:36.000Z,4200000,3652,₹,,,,2,,4,Kanpur,2,"Kanpur, Uttar Pradesh",1150,,12800,
74840201,2026-03-24T03:21:11.000Z,2500000,,₹,900,,1,2,,,Kanpur,2,"Kanpur, Uttar Pradesh",,,,
64228775,2026-03-23T16:57:15.000Z,2650000,3533,₹,710,,1,2,,3,Kanpur,2,"Kanpur, Uttar Pradesh",750,,12800,
72554809,2026-03-15T22:30:39.000Z,2500000,4167,₹,,,1,2,East,4,Kanpur,2,"Kanpur, Uttar Pradesh",600,,12800,
74765325,2026-03-20T03:50:10.000Z,6000000,,₹,750,,1,2,,,Kanpur,2,"Kanpur, Uttar Pradesh",,,,
67755277,2026-03-24T06:44:39.000Z,1400000,9333,₹,,,,1,,,Kanpur,3,"Kanpur, Uttar Pradesh",150,,12800,
67755269,2026-03-24T06:44:33.000Z,2580000,3035,₹,800,,,2,,,Kanpur,2,"Kanpur, Uttar Pradesh",850,,12800,
67755267,2026-03-24T06:44:30.000Z,12000000,11594,₹,115,,,3,,,Kanpur,3,"Kanpur, Uttar Pradesh",115,,12803,
67755265,2026-03-24T06:44:28.000Z,3000000,,₹,,,,2,,,Kanpur,2,"Kanpur, Uttar Pradesh",,,,
67755263,2026-03-24T06:44:25.000Z,3340000,3036,₹,,,,2,,,Kanpur,3,"Kanpur, Uttar Pradesh",1100,,12800,
67755261,2026-03-24T06:44:23.000Z,75000000,75000,₹,,12851,,2,,,Kanpur,2,"Kanpur, Uttar Pradesh",1000,,12800,
67755259,2026-03-24T06:44:20.000Z,3810000,3432,₹,,,,2,,,Kanpur,3,"Kanpur, Uttar Pradesh",1110,,12800,
67755257,2026-03-24T06:44:18.000Z,1970000,3031,₹,,,,1,,,Kanpur,2,"Kanpur, Uttar Pradesh",650,,12800,
83923417,2026-03-24T10:24:11.000Z,2800000,4000,₹,,,,1,,4,Kanpur,2,"Kanpur, Uttar Pradesh",700,,12800,
67768481,2026-03-24T10:40:55.000Z,5500000,3433,₹,,12851,,1,,,Kanpur,3,"Kanpur, Uttar Pradesh",178,,12803,
74652141,2026-03-11T23:37:19.000Z,11500000,6609,₹,1740,,4,3,South -West,14,Kanpur,3,"Kanpur, Uttar Pradesh",1740,,12800,
83922723,2026-03-24T09:52:35.000Z,6800000,5075,₹,,,4,2,,8,Kanpur,3,"Kanpur, Uttar Pradesh",1340,,12800,
83191009,2026-03-18T23:36:50.000Z,4500000,4592,₹,885,,2,2,North,4,Kanpur,2,"Kanpur, Uttar Pradesh",980,,12800,
67766225,2026-03-24T09:54:10.000Z,6000000,3000,₹,,,,2,,,Kanpur,3,"Kanpur, Uttar Pradesh",2000,,12800,
67766223,2026-03-24T09:54:05.000Z,3500000,87500,₹,16,12850,,2,,,Kanpur,2,"Kanpur, Uttar Pradesh",40,,12800,
67766213,2026-03-24T09:53:55.000Z,4900000,3372,₹,,,,3,,,Kanpur,3,"Kanpur, Uttar Pradesh",135,,12801,
55725999,2026-03-24T13:51:29.000Z,30000000,7143,₹,3200,,1,4,,,Kanpur,3,"Kanpur, Uttar Pradesh",4200,,12800,
67793745,2026-03-25T06:27:43.000Z,4510000,3434,₹,,,,2,,,Kanpur,3,"Kanpur, Uttar Pradesh",122,,12801,
67793741,2026-03-25T06:27:40.000Z,2160000,3040,₹,,,,2,,,Kanpur,2,"Kanpur, Uttar Pradesh",66,,12801,
80224259,2026-02-24T16:46:44.000Z,3700000,,₹,950,,2,2,North,3,Kanpur,2,"Kanpur, Uttar Pradesh",,,,
67763225,2026-03-24T08:54:00.000Z,2730000,,₹,900,,,1,,,Kanpur,2,"Kanpur, Uttar Pradesh",,,,
75977305,2026-01-18T22:30:26.000Z,4500000,5488,₹,800,,1,2,,5,Kanpur,2,"Kanpur, Uttar Pradesh",820,,12800,
55420927,2026-03-23T16:56:56.000Z,3000000,4444,₹,,,,1,,2,Kanpur,3,"Kanpur, Uttar Pradesh",75,,12803,
67763231,2026-03-24T08:54:08.000Z,15500000,9675,₹,178,12851,,2,,,Kanpur,3,"Kanpur, Uttar Pradesh",178,,12803,
82458879,2025-12-06T03:05:03.000Z,7000000,4118,₹,1500,,2,2,,5,Kanpur,3,"Kanpur, Uttar Pradesh",1700,,12800,
67758869,2026-03-24T07:35:25.000Z,3770000,3040,₹,,,,3,,,Kanpur,3,"Kanpur, Uttar Pradesh",1240,,12800,
67758867,2026-03-24T07:35:22.000Z,4650000,7209,₹,645,,,3,,,Kanpur,2,"Kanpur, Uttar Pradesh",645,,12800,
67759067,2026-03-24T07:38:22.000Z,5150000,3433,₹,,,,2,,,Kanpur,3,"Kanpur, Uttar Pradesh",1500,,12800,
67758803,2026-03-24T07:34:38.000Z,3010000,3040,₹,,,,2,,,Kanpur,2,"Kanpur, Uttar Pradesh",990,,12800,
67758799,2026-03-24T07:34:35.000Z,3000000,6000,₹,,12850,,1,,,Kanpur,2,"Kanpur, Uttar Pradesh",500,,12800,
67758795,2026-03-24T07:34:29.000Z,2500000,10000,₹,30,,,1,,,Kanpur,2,"Kanpur, Uttar Pradesh",250,,12800,
81773111,2026-03-23T22:30:32.000Z,4800000,5053,₹,850,,3,2,,4,Kanpur,2,"Kanpur, Uttar Pradesh",950,,12800,
78169895,2026-03-21T16:41:23.000Z,6800000,4290,₹,1585,,4,3,,9,Kanpur,3,"Kanpur, Uttar Pradesh",1585,,12800,
81716339,2026-03-16T23:51:21.000Z,7200000,5143,₹,1300,,2,2,North,4,Kanpur,3,"Kanpur, Uttar Pradesh",1400,,12800,
72890593,2025-11-20T22:30:29.000Z,7000000,5185,₹,,,,2,North - East,8,Kanpur,3,"Kanpur, Uttar Pradesh",1350,,12800,
67803317,2026-03-25T09:26:04.000Z,5740000,5503,₹,,,,2,,,Kanpur,2,"Kanpur, Uttar Pradesh",1043,,12800,
56727947,2026-02-22T21:30:37.000Z,5500000,4365,₹,1200,,1,2,South,4,Kanpur,3,"Kanpur, Uttar Pradesh",1260,,12800,
83038631,2026-03-24T22:30:45.000Z,4200000,4000,₹,900,,1,2,East,4,Kanpur,2,"Kanpur, Uttar Pradesh",1050,,12800,
42396417,2026-03-23T13:00:30.000Z,3650000,3476,₹,895,12850,1,2,East,2,Kanpur,2,"Kanpur, Uttar Pradesh",1050,,12800,
75141431,2026-03-24T22:30:42.000Z,2800000,2692,₹,,,,2,,5,Kanpur,3,"Kanpur, Uttar Pradesh",1040,,12800,
75170559,2026-03-11T21:33:52.000Z,5600000,3111,₹,,,,3,,4,Kanpur,3,"Kanpur, Uttar Pradesh",1800,,12800,
67772271,2026-03-24T12:04:02.000Z,2200000,4889,₹,,,,1,,,Kanpur,2,"Kanpur, Uttar Pradesh",50,,12803,
67772279,2026-03-24T12:04:15.000Z,3040000,3040,₹,900,,,2,,,Kanpur,2,"Kanpur, Uttar Pradesh",1000,,12800,
77801499,2026-03-24T21:32:25.000Z,6500000,,₹,1000,,2,2,,4,Kanpur,2,"Kanpur, Uttar Pradesh",,,,
81556705,2026-03-24T09:06:24.000Z,7000000,5645,₹,,,,3,,11,Kanpur,2,"Kanpur, Uttar Pradesh",1240,,12800,
82331247,2026-03-06T23:33:35.000Z,5850000,4553,₹,1023,,2,2,North - East,4,Kanpur,3,"Kanpur, Uttar Pradesh",1285,,12800,
68043659,2026-03-19T15:03:08.000Z,1200000,1093,₹,,,,2,,,Kanpur,2,"Kanpur, Uttar Pradesh",122,,12803,
68042045,2026-03-19T14:09:45.000Z,6900000,6616,₹,,,,2,,8,Kanpur,2,"Kanpur, Uttar Pradesh",1043,,12800,
68042545,2026-03-19T14:25:56.000Z,4800000,96000,₹,,,,3,,,Kanpur,3,"Kanpur, Uttar Pradesh",50,,12800,
65741873,2026-01-28T22:30:32.000Z,4500000,4091,₹,,,,3,,,Kanpur,3,"Kanpur, Uttar Pradesh",1100,,12800,
68042051,2026-03-19T14:10:02.000Z,8500000,5862,₹,,,,2,,6,Kanpur,3,"Kanpur, Uttar Pradesh",1450,,12800,
73486793,2026-03-19T22:30:40.000Z,5000000,617,₹,,,,2,,1,Kanpur,3,"Kanpur, Uttar Pradesh",900,,12803,
79651787,2026-01-23T21:30:39.000Z,3000000,3750,₹,,,,2,,4,Kanpur,2,"Kanpur, Uttar Pradesh",800,,12800,
81935851,2026-03-16T23:37:19.000Z,6500000,6500,₹,800,,1,2,East,4,Kanpur,3,"Kanpur, Uttar Pradesh",1000,,12800,
81339513,2026-01-28T21:33:17.000Z,8000000,7619,₹,950,,2,2,,7,Kanpur,2,"Kanpur, Uttar Pradesh",1050,,12800,
83875015,2026-03-20T09:14:32.000Z,5500000,5000,₹,900,,1,2,,4,Kanpur,2,"Kanpur, Uttar Pradesh",1100,,12800,
81921241,2026-03-17T21:32:48.000Z,7900000,6077,₹,1000,,1,3,North - East,4,Kanpur,3,"Kanpur, Uttar Pradesh",1300,,12800,
80526029,2026-01-25T22:30:28.000Z,20000000,12387,₹,,,,2,,1,Kanpur,3,"Kanpur, Uttar Pradesh",150,,12801,
76846387,2026-03-23T21:32:11.000Z,5800000,4462,₹,1100,,1,2,,3,Kanpur,3,"Kanpur, Uttar Pradesh",1300,,12800,
81371313,2026-03-22T22:30:37.000Z,7500000,5828,₹,940,,3,2,,10,Kanpur,3,"Kanpur, Uttar Pradesh",1287,,12800,
78496897,2026-03-16T23:31:16.000Z,7000000,,₹,1100,,2,2,,4,Kanpur,2,"Kanpur, Uttar Pradesh",,,,
68021799,2026-03-19T06:52:15.000Z,9500000,7037,₹,,,,2,,3,Kanpur,3,"Kanpur, Uttar Pradesh",1350,,12800,
68023161,2026-03-19T07:12:18.000Z,7000000,3889,₹,,,,3,,3,Kanpur,3,"Kanpur, Uttar Pradesh",1800,,12800,
68022493,2026-03-19T07:01:26.000Z,13500000,7459,₹,,,,1,,9,Kanpur,3,"Kanpur, Uttar Pradesh",1810,,12800,
68022481,2026-03-19T07:01:19.000Z,9000000,6923,₹,,,,1,,8,Kanpur,3,"Kanpur, Uttar Pradesh",1300,,12800,
83674011,2026-03-06T19:40:12.000Z,5500000,,₹,,,,2,,,Kanpur,3,"Kanpur, Uttar Pradesh",,,,
68016555,2026-03-19T05:46:43.000Z,6300000,5250,₹,,,,3,,4,Kanpur,3,"Kanpur, Uttar Pradesh",1200,,12800,
68016553,2026-03-19T05:46:42.000Z,13500000,8438,₹,,12850,,2,,,Kanpur,2,"Kanpur, Uttar Pradesh",1600,,12800,
68016573,2026-03-19T05:46:52.000Z,8250000,5500,₹,,,,3,,4,Kanpur,3,"Kanpur, Uttar Pradesh",1500,,12800,
68015713,2026-03-19T05:37:40.000Z,2000000,666667,₹,,,,2,,,Kanpur,2,"Kanpur, Uttar Pradesh",3,,12800,
83481703,2026-03-23T22:30:34.000Z,14000000,7778,₹,1600,,1,2,,,Kanpur,3,"Kanpur, Uttar Pradesh",1800,,12800,
68020069,2026-03-19T06:27:49.000Z,10000000,7812,₹,,,,2,,,Kanpur,2,"Kanpur, Uttar Pradesh",1280,,12800,
68020053,2026-03-19T06:27:36.000Z,3500000,3500,₹,,,,2,,4,Kanpur,3,"Kanpur, Uttar Pradesh",1000,,12800,
68019655,2026-03-19T06:23:18.000Z,8200000,4280,₹,,,,1,,,Kanpur,2,"Kanpur, Uttar Pradesh",178,,12801,
81874859,2025-12-09T22:30:37.000Z,3500000,3889,₹,1000,,1,1,North - West,4,Kanpur,2,"Kanpur, Uttar Pradesh",900,,12800,
75340363,2026-02-03T22:30:34.000Z,6000000,6667,₹,,,,2,,1,Kanpur,3,"Kanpur, Uttar Pradesh",900,,12800,
83856123,2026-03-19T08:41:05.000Z,3500000,4944,₹,,,,1,,,Kanpur,2,"Kanpur, Uttar Pradesh",708,,12800,
61067853,2025-12-15T21:30:40.000Z,5000000,3571,₹,,,,2,,4,Kanpur,3,"Kanpur, Uttar Pradesh",1400,,12800,
83784485,2026-03-14T13:00:08.000Z,3999000,4443,₹,830,,1,2,,5,Kanpur,2,"Kanpur, Uttar Pradesh",900,,12800,
68880091,2026-03-22T09:53:31.000Z,25000000,7812,₹,3200,,,2,,,Kanpur,2,"Kanpur, Uttar Pradesh",3200,,12800,
82002979,2026-03-20T07:19:23.000Z,1700000,2833,₹,600,,1,2,,3,Kanpur,2,"Kanpur, Uttar Pradesh",600,,12800,
69082393,2026-03-24T03:18:16.000Z,7000000,4667,₹,,,,2,,8,Kanpur,3,"Kanpur, Uttar Pradesh",1500,,12800,
81476531,2025-12-11T22:30:34.000Z,3200000,3765,₹,800,,1,2,North,2,Kanpur,2,"Kanpur, Uttar Pradesh",850,,12800,
83896161,2026-03-21T17:51:48.000Z,4000000,,₹,1000,,1,2,North,,Kanpur,3,"Kanpur, Uttar Pradesh",,,,
83896117,2026-03-21T17:42:28.000Z,2400000,7432,₹,30,,2,3,,,Kanpur,3,"Kanpur, Uttar Pradesh",30,,12801,
82054495,2026-03-24T21:32:15.000Z,4800000,5647,₹,,,,2,,3,Kanpur,2,"Kanpur, Uttar Pradesh",850,,12800,
83890187,2026-03-21T08:45:12.000Z,3000000,2857,₹,,,,2,,4,Kanpur,2,"Kanpur, Uttar Pradesh",1050,,12800,
68195493,2026-03-20T15:25:33.000Z,5300000,3344,₹,,,,2,,12,Kanpur,2,"Kanpur, Uttar Pradesh",1585,,12800,
68195489,2026-03-20T15:25:29.000Z,4800000,4103,₹,,,,2,,11,Kanpur,2,"Kanpur, Uttar Pradesh",1170,,12800,
68195487,2026-03-20T15:25:25.000Z,3850000,3222,₹,,,,2,,14,Kanpur,2,"Kanpur, Uttar Pradesh",1195,,12800,
68195485,2026-03-20T15:25:21.000Z,5500000,4603,₹,,,,2,,12,Kanpur,2,"Kanpur, Uttar Pradesh",1195,,12800,
68195483,2026-03-20T15:25:17.000Z,5300000,3344,₹,,,,3,,12,Kanpur,3,"Kanpur, Uttar Pradesh",1585,,12800,
68195481,2026-03-20T15:25:14.000Z,5000000,4184,₹,,,,2,,14,Kanpur,2,"Kanpur, Uttar Pradesh",1195,,12800,
83276469,2026-03-24T22:30:45.000Z,9000000,4500,₹,1770,,3,3,,5,Kanpur,3,"Kanpur, Uttar Pradesh",2000,,12800,
80915233,2026-01-23T22:30:36.000Z,7500000,5769,₹,1300,,2,2,North - East,4,Kanpur,3,"Kanpur, Uttar Pradesh",1300,,12800,
32524563,2026-03-19T22:30:37.000Z,10000000,7042,₹,1380,,2,2,South,3,Kanpur,2,"Kanpur, Uttar Pradesh",1420,,12800,
82093545,2026-03-21T21:30:37.000Z,10500000,8400,₹,1250,,,2,East,1,Kanpur,2,"Kanpur, Uttar Pradesh",1250,,12800,
62846997,2026-03-20T11:43:10.000Z,10000000,8333,₹,,,,2,East,1,Kanpur,3,"Kanpur, Uttar Pradesh",1200,,12800,
34066193,2026-03-23T22:30:27.000Z,2500000,3226,₹,,,,2,,,Kanpur,3,"Kanpur, Uttar Pradesh",72,,12801,
80869809,2025-12-22T21:30:54.000Z,7000000,4118,₹,1625,,2,3,,4,Kanpur,3,"Kanpur, Uttar Pradesh",1700,,12800,
81559379,2026-03-07T22:30:36.000Z,2900000,3867,₹,,12850,,2,West,,Kanpur,3,"Kanpur, Uttar Pradesh",750,,12800,
53341765,2026-03-24T09:34:48.000Z,3000000,3000,₹,900,,,3,West,1,Kanpur,3,"Kanpur, Uttar Pradesh",1000,,12800,
53107711,2026-03-23T21:32:23.000Z,5200000,4952,₹,1000,,1,2,,3,Kanpur,2,"Kanpur, Uttar Pradesh",1050,,12800,
71936177,2026-02-14T22:30:46.000Z,2100000,3000,₹,,,,2,,2,Kanpur,2,"Kanpur, Uttar Pradesh",700,,12800,
66983047,2026-03-16T22:30:47.000Z,1800000,2000,₹,800,,1,2,,4,Kanpur,2,"Kanpur, Uttar Pradesh",900,,12800,
52344341,2026-03-13T23:32:56.000Z,10500000,6562,₹,1350,,3,2,North - West,4,Kanpur,3,"Kanpur, Uttar Pradesh",1600,,12800,
83905225,2026-03-23T05:15:14.000Z,10000000,2002,₹,54,,1,2,South - East,2,Kanpur,2,"Kanpur, Uttar Pradesh",464,,12801,
77599575,2026-03-24T21:32:24.000Z,4800000,,₹,1000,,1,2,West,4,Kanpur,2,"Kanpur, Uttar Pradesh",,,,
82960845,2026-03-19T10:50:34.000Z,27000000,12000,₹,,12850,3,2,,,Kanpur,3,"Kanpur, Uttar Pradesh",250,,12803,
67755291,2026-03-24T06:44:51.000Z,2300000,3042,₹,84,,,2,,,Kanpur,2,"Kanpur, Uttar Pradesh",84,,12803,
67755285,2026-03-24T06:44:46.000Z,3900000,3040,₹,,,,2,,,Kanpur,3,"Kanpur, Uttar Pradesh",1283,,12800,
67755233,2026-03-24T06:43:52.000Z,4980000,3434,₹,,,,2,,,Kanpur,3,"Kanpur, Uttar Pradesh",1450,,12800,
74510489,2026-03-20T02:55:03.000Z,1250000,3871,₹,,,,1,,4,Kanpur,2,"Kanpur, Uttar Pradesh",30,,12801,
79731501,2026-03-21T23:34:05.000Z,3700000,3700,₹,912,,1,2,East,5,Kanpur,3,"Kanpur, Uttar Pradesh",1000,,12800,
60309811,2026-03-12T16:46:08.000Z,2100000,2333,₹,,,,1,,1,Kanpur,3,"Kanpur, Uttar Pradesh",100,,12803,
67936465,2026-03-26T10:52:50.000Z,3500000,5000,₹,,,,2,,5,Kanpur,2,"Kanpur, Uttar Pradesh",700,,12800,
67936449,2026-03-26T10:52:41.000Z,5000000,3906,₹,,,,3,,4,Kanpur,3,"Kanpur, Uttar Pradesh",1280,,12800,
67936447,2026-03-26T10:52:40.000Z,7100000,5071,₹,,,,2,,7,Kanpur,3,"Kanpur, Uttar Pradesh",1400,,12800,
67936439,2026-03-26T10:52:35.000Z,5500000,3846,₹,,,,2,,3,Kanpur,3,"Kanpur, Uttar Pradesh",1430,,12800,
67936431,2026-03-26T10:52:30.000Z,3000000,3000,₹,,,,2,,3,Kanpur,2,"Kanpur, Uttar Pradesh",1000,,12800,
67935923,2026-03-26T10:47:43.000Z,10000000,5000,₹,,,,4,,,Kanpur,3,"Kanpur, Uttar Pradesh",2000,,12800,
67935919,2026-03-26T10:47:40.000Z,10000000,11111,₹,,,,1,,,Kanpur,3,"Kanpur, Uttar Pradesh",100,,12803,
67938273,2026-03-26T11:11:43.000Z,4800000,4364,₹,,,,2,,4,Kanpur,3,"Kanpur, Uttar Pradesh",1100,,12800,
67938237,2026-03-26T11:11:14.000Z,2000000,2500,₹,,,,2,,,Kanpur,2,"Kanpur, Uttar Pradesh",800,,12800,
67945733,2026-03-26T13:09:19.000Z,2300000,3453,₹,,,,2,,5,Kanpur,2,"Kanpur, Uttar Pradesh",666,,12800,
67945743,2026-03-26T13:09:36.000Z,10000000,597,₹,,12852,,1,,,Kanpur,2,"Kanpur, Uttar Pradesh",,,,
67950237,2026-03-26T15:01:41.000Z,7500000,7500,₹,,,,2,,,Kanpur,2,"Kanpur, Uttar Pradesh",1000,,12800,
67950221,2026-03-26T15:01:21.000Z,5500000,6111,₹,,,,1,,,Kanpur,3,"Kanpur, Uttar Pradesh",900,,12800,
61442627,2026-03-26T14:30:13.000Z,7000000,4667,₹,1500,,2,3,,2,Kanpur,3,"Kanpur, Uttar Pradesh",1500,,12800,
75457083,2026-03-26T11:26:09.000Z,7000000,7778,₹,,,,2,,1,Kanpur,3,"Kanpur, Uttar Pradesh",100,,12803,
38730541,2026-03-25T22:30:41.000Z,3199999,0,₹,,12800,2,2,North - West,2,Kanpur,3,"Kanpur, Uttar Pradesh",910,,12810,
40252497,2026-03-25T22:30:41.000Z,5000000,3623,₹,1380,,2,2,East,3,Kanpur,3,"Kanpur, Uttar Pradesh",1380,,12800,
83490333,2026-02-20T10:55:01.000Z,8000000,6159,₹,,,,3,,4,Kanpur,3,"Kanpur, Uttar Pradesh",1299,,12800,
83350187,2026-03-25T22:30:46.000Z,4800000,7385,₹,700,,2,3,West,,Kanpur,3,"Kanpur, Uttar Pradesh",650,,12800,
75778997,2026-03-18T11:16:56.000Z,4600000,4182,₹,1100,,3,2,West,,Kanpur,3,"Kanpur, Uttar Pradesh",1100,,12800,
74870275,2026-01-25T07:59:09.000Z,2500000,3571,₹,,,,2,,3,Kanpur,3,"Kanpur, Uttar Pradesh",700,,12800,
72546379,2026-03-10T09:18:28.000Z,3250000,5206,₹,41,,,1,,3,Kanpur,2,"Kanpur, Uttar Pradesh",58,,12801,
55992635,2026-01-16T13:46:58.000Z,3100000,2818,₹,850,,1,2,East,5,Kanpur,2,"Kanpur, Uttar Pradesh",1100,,12800,
80186033,2026-03-13T22:30:41.000Z,7200000,6000,₹,103,,2,2,East,15,Kanpur,2,"Kanpur, Uttar Pradesh",1200,,12800,
80983379,2026-03-01T22:30:33.000Z,8500000,7083,₹,,,,2,,2,Kanpur,3,"Kanpur, Uttar Pradesh",1200,,12800,
83647619,2026-03-05T09:49:32.000Z,2100000,2800,₹,650,,1,3,East,,Kanpur,3,"Kanpur, Uttar Pradesh",750,,12800,
63875763,2026-03-09T22:30:35.000Z,5000000,4762,₹,900,,,1,,,Kanpur,2,"Kanpur, Uttar Pradesh",1050,,12800,
69497797,2026-02-21T22:30:40.000Z,2800000,41176,₹,68,,1,1,South -West,2,Kanpur,3,"Kanpur, Uttar Pradesh",68,,12800,
81048867,2026-03-18T11:11:00.000Z,11500000,15333,₹,,,,3,,,Kanpur,3,"Kanpur, Uttar Pradesh",750,,12800,
55862949,2025-12-31T21:30:34.000Z,7000000,4375,₹,1600,,3,2,East,3,Kanpur,3,"Kanpur, Uttar Pradesh",1600,,12800,
78015535,2025-11-16T17:52:07.000Z,10000000,8333,₹,,,,2,,4,Kanpur,3,"Kanpur, Uttar Pradesh",1200,,12800,
38675835,2025-12-26T21:33:32.000Z,4500000,3462,₹,,,1,3,,,Kanpur,2,"Kanpur, Uttar Pradesh",1300,,12800,
83009433,2026-01-16T18:13:12.000Z,8500000,,₹,1700,,,2,East,1,Kanpur,3,"Kanpur, Uttar Pradesh",,,,
39280943,2026-03-13T21:33:33.000Z,3000000,6024,₹,46,,2,2,East,5,Kanpur,2,"Kanpur, Uttar Pradesh",498,,12800,
83740711,2026-03-11T16:28:46.000Z,8200000,5597,₹,1465,,3,2,,15,Kanpur,3,"Kanpur, Uttar Pradesh",1465,,12800,
82741157,2025-12-27T09:01:08.000Z,5800000,4640,₹,,,2,2,East,14,Kanpur,2,"Kanpur, Uttar Pradesh",1250,,12800,
77925983,2026-03-18T00:20:00.000Z,5200000,3714,₹,1600,,3,2,East,3,Kanpur,3,"Kanpur, Uttar Pradesh",1400,,12800,
74563887,2026-03-18T22:30:37.000Z,23000000,10648,₹,,12851,1,2,,1,Kanpur,3,"Kanpur, Uttar Pradesh",240,,12803,
69281845,2026-03-02T21:32:55.000Z,5000000,5848,₹,,,,3,,5,Kanpur,2,"Kanpur, Uttar Pradesh",95,,12803,
74980713,2026-02-01T07:14:47.000Z,3500000,5002,₹,,,,2,,2,Kanpur,3,"Kanpur, Uttar Pradesh",65,,12801,
76311497,2026-03-17T04:56:22.000Z,6000000,4559,₹,,,,2,,5,Kanpur,2,"Kanpur, Uttar Pradesh",1316,,12800,
42722203,2026-03-11T21:33:47.000Z,5500000,5000,₹,,,,2,,3,Kanpur,3,"Kanpur, Uttar Pradesh",1100,,12800,
44264271,2026-03-15T17:48:45.000Z,3550000,2545,₹,1075,,2,2,East,3,Kanpur,2,"Kanpur, Uttar Pradesh",1395,,12800,
83753365,2026-03-12T11:37:33.000Z,2850000,6951,₹,,,,2,,3,Kanpur,2,"Kanpur, Uttar Pradesh",410,,12800,
57449169,2025-12-07T21:30:41.000Z,2200000,3259,₹,,,,1,,,Kanpur,2,"Kanpur, Uttar Pradesh",75,,12803,
83844639,2026-03-19T05:46:10.000Z,11000000,6807,₹,1600,,2,3,,12,Kanpur,3,"Kanpur, Uttar Pradesh",1616,,12800,
82795469,2026-01-02T05:44:25.000Z,9000000,6767,₹,,,4,2,,8,Kanpur,3,"Kanpur, Uttar Pradesh",1330,,12800,
83572323,2026-02-26T23:55:12.000Z,4000000,4444,₹,900,,1,2,,4,Kanpur,3,"Kanpur, Uttar Pradesh",900,,12800,
75217679,2026-03-14T04:10:51.000Z,6300000,,₹,1050,,2,2,East,8,Kanpur,2,"Kanpur, Uttar Pradesh",,,,
82777581,2025-12-31T04:34:34.000Z,4990000,,₹,818,,1,2,,10,Kanpur,2,"Kanpur, Uttar Pradesh",,,,
80381441,2026-03-15T22:30:40.000Z,5000000,5459,₹,,,,2,,7,Kanpur,2,"Kanpur, Uttar Pradesh",916,,12800,
67865999,2026-03-12T03:55:38.000Z,1800000,22500,₹,76,,,1,,1,Kanpur,2,"Kanpur, Uttar Pradesh",80,,12800,
83351995,2026-02-11T04:09:30.000Z,13000000,8051,₹,,,2,2,West,,Kanpur,3,"Kanpur, Uttar Pradesh",150,,12801,
83838979,2026-03-18T11:30:33.000Z,2600000,5778,₹,,,,2,,,Kanpur,2,"Kanpur, Uttar Pradesh",450,,12800,
72696717,2026-03-24T17:36:42.000Z,14096250,8172,₹,,,,2,,,Kanpur,3,"Kanpur, Uttar Pradesh",1725,,12800,
83467915,2026-02-19T06:18:39.000Z,3500000,4667,₹,,,1,2,,3,Kanpur,2,"Kanpur, Uttar Pradesh",750,,12800,
70185511,2025-12-23T21:30:55.000Z,18000000,9756,₹,,,,3,East,,Kanpur,3,"Kanpur, Uttar Pradesh",205,,12803,
69562965,2026-01-18T18:11:54.000Z,6800000,4250,₹,,,,3,,4,Kanpur,3,"Kanpur, Uttar Pradesh",1600,,12800,
83831917,2026-03-18T06:32:44.000Z,5000000,,₹,1100,,2,2,East,3,Kanpur,3,"Kanpur, Uttar Pradesh",,,,
21606575,2026-03-18T16:14:45.000Z,7000000,3889,₹,,,,3,,3,Kanpur,3,"Kanpur, Uttar Pradesh",1800,,12850,
81975577,2026-03-18T06:44:08.000Z,6500000,,₹,770,,,1,East,4,Kanpur,2,"Kanpur, Uttar Pradesh",,,,
81391881,2026-03-13T23:36:59.000Z,3700000,4583,₹,,,1,2,East,12,Kanpur,2,"Kanpur, Uttar Pradesh",75,,12801,
66229941,2026-03-18T12:51:18.000Z,2500000,5000,₹,,,,1,,3,Kanpur,2,"Kanpur, Uttar Pradesh",500,,12800,
66412029,2026-03-12T16:46:10.000Z,7000000,4375,₹,1400,,1,2,East,4,Kanpur,3,"Kanpur, Uttar Pradesh",1600,,12800,
50195312,2026-01-30T22:30:32.000Z,5500000,5150,₹,1068,12800,,2,North - West,,Kanpur,2,"Kanpur, Uttar Pradesh",1068,,12800,
81985197,2026-03-15T21:30:41.000Z,2700000,2045,₹,,,,2,,5,Kanpur,2,"Kanpur, Uttar Pradesh",1320,,12800,
77053191,2026-03-03T22:30:38.000Z,5500000,5500,₹,900,,1,2,North - West,4,Kanpur,3,"Kanpur, Uttar Pradesh",1000,,12800,
73472239,2026-03-06T09:27:32.000Z,2300000,3287,₹,,,,2,,4,Kanpur,2,"Kanpur, Uttar Pradesh",65,,12801,
82595539,2025-12-16T05:40:13.000Z,6500000,5242,₹,,,,3,,12,Kanpur,3,"Kanpur, Uttar Pradesh",1240,,12800,
70850583,2026-01-22T03:38:57.000Z,10000000,7605,₹,,,,2,,2,Kanpur,2,"Kanpur, Uttar Pradesh",1315,,12800,
70799381,2026-02-22T22:30:36.000Z,3500000,4364,₹,,,1,2,West,2,Kanpur,3,"Kanpur, Uttar Pradesh",802,,12800,
81918409,2026-03-15T21:33:16.000Z,5500000,5789,₹,,,2,2,East,6,Kanpur,2,"Kanpur, Uttar Pradesh",950,,12800,
68051265,2025-12-15T21:33:27.000Z,4000000,4706,₹,,,,2,,5,Kanpur,3,"Kanpur, Uttar Pradesh",850,,12800,
83779507,2026-03-14T08:49:58.000Z,8500000,5667,₹,,,,2,,7,Kanpur,3,"Kanpur, Uttar Pradesh",1500,,12800,
83602585,2026-03-01T07:41:15.000Z,16000000,9275,₹,1000,,4,2,North - East,12,Kanpur,3,"Kanpur, Uttar Pradesh",1725,,12800,
81906671,2026-03-13T05:51:45.000Z,7000000,4000,₹,1450,,4,2,South -West,3,Kanpur,3,"Kanpur, Uttar Pradesh",1750,,12800,
59005441,2026-03-16T10:37:51.000Z,6200000,4133,₹,1400,,3,2,North,3,Kanpur,3,"Kanpur, Uttar Pradesh",1500,,12800,
81899075,2026-03-02T22:30:41.000Z,3800000,4471,₹,800,,1,2,South -West,5,Kanpur,2,"Kanpur, Uttar Pradesh",850,,12800,
46738405,2026-03-18T16:14:58.000Z,4200000,3652,₹,990,,2,2,,2,Kanpur,2,"Kanpur, Uttar Pradesh",1150,,12800,
70503653,2026-03-05T21:30:40.000Z,8700000,5878,₹,,,,3,,11,Kanpur,3,"Kanpur, Uttar Pradesh",1480,,12800,
83677301,2026-03-07T06:37:41.000Z,4712052,5544,₹,,,,2,,,Kanpur,2,"Kanpur, Uttar Pradesh",850,,12800,
82561959,2025-12-13T06:37:40.000Z,3000000,3333,₹,850,,1,2,North - West,3,Kanpur,2,"Kanpur, Uttar Pradesh",900,,12800,
82571201,2026-03-11T23:44:44.000Z,6500000,4194,₹,1440,,3,2,,4,Kanpur,3,"Kanpur, Uttar Pradesh",1550,,12800,
83765033,2026-03-13T09:14:35.000Z,10500000,7778,₹,,,,3,,,Kanpur,3,"Kanpur, Uttar Pradesh",1350,,12800,
83762825,2026-03-13T07:35:17.000Z,29000000,16111,₹,1700,,2,4,South,,Kanpur,3,"Kanpur, Uttar Pradesh",1800,,12800,
83227771,2026-02-02T23:28:03.000Z,20000000,18018,₹,,,1,2,East,,Kanpur,3,"Kanpur, Uttar Pradesh",1110,,12800,
83758359,2026-03-13T00:30:17.000Z,8500000,,₹,1500,,3,2,,7,Kanpur,3,"Kanpur, Uttar Pradesh",,,,
83794121,2026-03-15T15:35:16.000Z,1400000,3491,₹,401,,1,1,,6,Kanpur,2,"Kanpur, Uttar Pradesh",401,,12800,
78731803,2026-02-03T05:58:45.000Z,7500000,5556,₹,1300,,3,2,,4,Kanpur,3,"Kanpur, Uttar Pradesh",1350,,12800,
51417422,2026-03-13T15:52:48.000Z,7500000,6522,₹,1150,,,2,,8,Kanpur,3,"Kanpur, Uttar Pradesh",1150,,12800,
79796969,2026-02-07T21:30:34.000Z,2800000,4645,₹,,,,2,,6,Kanpur,2,"Kanpur, Uttar Pradesh",56,,12801,
83272003,2026-02-05T09:56:12.000Z,4500000,6667,₹,675,,,1,North - East,,Kanpur,2,"Kanpur, Uttar Pradesh",675,,12800,
83787849,2026-03-15T05:52:40.000Z,3900000,,₹,1000,,2,2,,4,Kanpur,2,"Kanpur, Uttar Pradesh",,,,
63097391,2026-03-11T21:33:24.000Z,3800000,4222,₹,900,,1,2,East,2,Kanpur,3,"Kanpur, Uttar Pradesh",900,,12800,
35416473,2026-03-15T17:47:58.000Z,8200000,4280,₹,,,,1,,,Kanpur,2,"Kanpur, Uttar Pradesh",178,,12801,
35595195,2026-03-13T21:33:40.000Z,5000000,4000,₹,,,4,2,,6,Kanpur,3,"Kanpur, Uttar Pradesh",1250,,12800,
72103713,2026-03-13T06:28:56.000Z,6500000,,₹,1700,,3,2,,4,Kanpur,3,"Kanpur, Uttar Pradesh",,,,
61561275,2026-03-17T04:21:47.000Z,3600000,3273,₹,,,,2,,6,Kanpur,2,"Kanpur, Uttar Pradesh",1100,,12800,
79890911,2026-03-09T22:30:37.000Z,1400000,1556,₹,,,,1,,,Kanpur,2,"Kanpur, Uttar Pradesh",900,,12800,
82366391,2025-11-29T15:55:09.000Z,3700000,,₹,60,,,2,,3,Kanpur,2,"Kanpur, Uttar Pradesh",,,,
83798355,2026-03-16T06:41:12.000Z,8500000,7437,₹,,12851,,2,,,Kanpur,3,"Kanpur, Uttar Pradesh",127,,12803,
82349117,2025-11-28T11:23:07.000Z,3500000,6542,₹,375,,1,2,East,,Kanpur,2,"Kanpur, Uttar Pradesh",535,,12800,
26077373,2025-12-27T14:39:20.000Z,3000000,2930,₹,,,,2,East,5,Kanpur,3,"Kanpur, Uttar Pradesh",1024,,12800,
66453173,2026-03-17T22:30:40.000Z,4700000,3507,₹,1340,,2,2,East,4,Kanpur,3,"Kanpur, Uttar Pradesh",1340,,12800,
79845499,2026-02-15T22:30:28.000Z,7500000,6250,₹,1000,,1,2,East,5,Kanpur,3,"Kanpur, Uttar Pradesh",1200,,12800,
50700678,2026-03-10T21:33:02.000Z,4500000,6743,₹,,,2,2,,4,Kanpur,3,"Kanpur, Uttar Pradesh",62,,12801,
80902813,2025-12-27T06:31:52.000Z,2800000,6292,₹,445,,,2,,,Kanpur,2,"Kanpur, Uttar Pradesh",445,,12800,
80902419,2025-12-01T14:32:50.000Z,3800000,4891,₹,777,,1,2,,3,Kanpur,2,"Kanpur, Uttar Pradesh",777,,12800,
67470217,2026-02-13T22:30:42.000Z,4800000,3780,₹,540,,1,2,,,Kanpur,2,"Kanpur, Uttar Pradesh",1270,,12800,
67503089,2026-03-16T22:30:47.000Z,2251000,3001,₹,700,,1,2,West,3,Kanpur,2,"Kanpur, Uttar Pradesh",750,,12800,
83309527,2026-02-07T14:34:21.000Z,6000000,13595,₹,39,,3,2,South,,Kanpur,3,"Kanpur, Uttar Pradesh",41,,12801,
83817441,2026-03-17T06:29:27.000Z,3600000,2002,₹,765,,2,2,,4,Kanpur,2,"Kanpur, Uttar Pradesh",1798,,12800,
53012073,2026-03-17T21:30:35.000Z,4800000,4752,₹,810,,1,2,South - East,3,Kanpur,2,"Kanpur, Uttar Pradesh",1010,,12800,
74264109,2026-03-02T13:41:11.000Z,7300000,6083,₹,1000,,1,2,,4,Kanpur,3,"Kanpur, Uttar Pradesh",1200,,12800,
83629329,2026-03-03T13:18:21.000Z,4200000,7000,₹,450,,1,2,South - East,,Kanpur,3,"Kanpur, Uttar Pradesh",600,,12800,
80868743,2025-12-13T21:30:44.000Z,8500000,6800,₹,1250,,2,3,,4,Kanpur,3,"Kanpur, Uttar Pradesh",1250,,12800,
68612663,2026-03-10T03:59:46.000Z,2000000,4444,₹,,,,1,,1,Kanpur,2,"Kanpur, Uttar Pradesh",50,,12803,
83525487,2026-02-23T12:10:57.000Z,3500000,4051,₹,60,,,1,,,Kanpur,2,"Kanpur, Uttar Pradesh",96,,12803,
62366545,2026-03-12T21:30:41.000Z,9700000,5879,₹,1321,,1,2,North,3,Kanpur,3,"Kanpur, Uttar Pradesh",1650,,12800,
77520693,2026-02-22T22:30:37.000Z,6000000,6000,₹,,,1,2,East,4,Kanpur,3,"Kanpur, Uttar Pradesh",1000,,12800,
68749947,2026-02-24T17:21:18.000Z,6600000,4552,₹,,,1,2,,5,Kanpur,3,"Kanpur, Uttar Pradesh",1450,,12800,
68472989,2026-03-16T05:11:14.000Z,8500000,5312,₹,1450,,5,3,,2,Kanpur,3,"Kanpur, Uttar Pradesh",1600,,12800,
62044431,2026-03-15T21:33:05.000Z,6500000,6842,₹,,,1,2,East,5,Kanpur,2,"Kanpur, Uttar Pradesh",950,,12800,
83158993,2026-01-28T17:12:16.000Z,3000000,8333,₹,,12850,2,2,,,Kanpur,2,"Kanpur, Uttar Pradesh",360,,12800,
63533989,2026-02-11T13:53:33.000Z,7500000,4854,₹,,,,3,East,4,Kanpur,3,"Kanpur, Uttar Pradesh",1545,,12800,
75880711,2026-03-15T09:57:21.000Z,5200000,,₹,880,,3,2,,2,Kanpur,2,"Kanpur, Uttar Pradesh",,,,
69290977,2026-02-12T21:30:41.000Z,5500000,3929,₹,,,,2,,4,Kanpur,3,"Kanpur, Uttar Pradesh",1400,,12800,
71040329,2026-03-07T21:33:42.000Z,5000000,2778,₹,,,3,2,East,3,Kanpur,3,"Kanpur, Uttar Pradesh",1800,,12800,
83697467,2026-03-08T17:08:38.000Z,3400000,3400,₹,990,,1,2,,3,Kanpur,2,"Kanpur, Uttar Pradesh",1000,,12800,
82734881,2026-03-13T15:29:37.000Z,7500000,7143,₹,825,12850,2,2,East,4,Kanpur,2,"Kanpur, Uttar Pradesh",1050,,12800,2000
82734097,2026-02-27T11:58:36.000Z,12900000,8139,₹,1190,,2,2,North - East,6,Kanpur,3,"Kanpur, Uttar Pradesh",1585,,12800,
83432467,2026-02-16T11:32:05.000Z,8700000,5649,₹,,,4,2,East,11,Kanpur,3,"Kanpur, Uttar Pradesh",1540,,12800,
83200767,2026-01-31T14:15:30.000Z,4200000,4200,₹,,,1,2,West,4,Kanpur,2,"Kanpur, Uttar Pradesh",1000,,12800,
83179263,2026-01-30T07:42:57.000Z,4000000,3478,₹,1050,,2,2,East,4,Kanpur,2,"Kanpur, Uttar Pradesh",1150,,12800,
83544937,2026-02-25T06:13:46.000Z,6800000,4533,₹,1500,,2,2,East,4,Kanpur,3,"Kanpur, Uttar Pradesh",1500,,12800,
82169217,2026-03-13T19:05:52.000Z,11500000,,₹,1500,,2,3,North,4,Kanpur,3,"Kanpur, Uttar Pradesh",,,,
83327929,2026-02-09T09:12:15.000Z,5500000,4400,₹,1000,,2,2,East,8,Kanpur,2,"Kanpur, Uttar Pradesh",1250,,12800,
79134521,2026-02-20T13:55:46.000Z,51500000,22637,₹,2100,,4,3,North - East,18,Kanpur,3,"Kanpur, Uttar Pradesh",2275,,12800,
83542383,2026-02-25T02:23:40.000Z,7540000,5200,₹,1300,,2,2,East,5,Kanpur,3,"Kanpur, Uttar Pradesh",1450,,12800,
83840337,2026-03-23T23:45:23.000Z,13000000,7995,₹,,,3,3,North - West,12,Kanpur,3,"Kanpur, Uttar Pradesh",1626,,12800,
82216743,2026-01-27T09:21:01.000Z,4500000,4198,₹,1000,,3,2,North - East,9,Kanpur,2,"Kanpur, Uttar Pradesh",1072,,12800,
69886239,2026-03-24T23:44:49.000Z,8100000,4912,₹,,,2,3,East,4,Kanpur,3,"Kanpur, Uttar Pradesh",1649,,12800,2011
83465159,2026-02-18T19:35:48.000Z,3900000,4588,₹,750,,1,2,East,3,Kanpur,2,"Kanpur, Uttar Pradesh",850,,12800,
81218709,2026-03-06T10:57:39.000Z,4050000,4500,₹,720,,,2,West,3,Kanpur,2,"Kanpur, Uttar Pradesh",900,,12800,
83211199,2026-02-01T18:40:38.000Z,8500000,7391,₹,,,3,2,,11,Kanpur,2,"Kanpur, Uttar Pradesh",1150,,12800,
77217777,2026-03-09T04:40:27.000Z,14100000,6549,₹,,12850,1,2,West,,Kanpur,3,"Kanpur, Uttar Pradesh",200,,12801,
83124957,2026-02-12T11:37:20.000Z,7000000,5185,₹,1300,,1,2,East,4,Kanpur,3,"Kanpur, Uttar Pradesh",1350,,12800,
83257121,2026-02-04T12:15:19.000Z,6500000,3824,₹,1250,,2,2,East,7,Kanpur,2,"Kanpur, Uttar Pradesh",1700,,12800,
71749055,2026-03-25T23:45:21.000Z,8100000,4969,₹,,,2,3,East,4,Kanpur,3,"Kanpur, Uttar Pradesh",1630,,12800,2011
83949531,2026-03-26T09:10:07.000Z,18000000,13333,₹,1050,,3,2,,5,Kanpur,3,"Kanpur, Uttar Pradesh",1350,,12800,
78411843,2026-01-15T14:09:32.000Z,6400000,5356,₹,1100,,3,2,East,11,Kanpur,2,"Kanpur, Uttar Pradesh",1195,,12800,
81583287,2026-03-08T23:46:28.000Z,7500000,6454,₹,985,,1,2,East,4,Kanpur,2,"Kanpur, Uttar Pradesh",1162,,12800,
74809393,2026-02-10T21:30:42.000Z,6500000,5909,₹,770,,1,2,East,2,Kanpur,2,"Kanpur, Uttar Pradesh",1100,,12800,
83640169,2026-03-04T20:48:31.000Z,6500000,,₹,1362,,2,3,,3,Kanpur,3,"Kanpur, Uttar Pradesh",,,,
80994521,2026-02-14T23:31:57.000Z,4000000,4119,₹,,,1,2,,4,Kanpur,3,"Kanpur, Uttar Pradesh",971,,12800,
54820149,2026-03-09T04:35:26.000Z,8200000,4852,₹,1510,,,3,East,4,Kanpur,3,"Kanpur, Uttar Pradesh",1690,,12800,
83655113,2026-03-06T01:35:15.000Z,25000000,,₹,116,,4,3,,,Kanpur,3,"Kanpur, Uttar Pradesh",,,,
76032027,2025-11-30T16:46:09.000Z,9500000,2262,₹,,,,2,,5,Kanpur,3,"Kanpur, Uttar Pradesh",4200,,12800,
69507129,2026-03-09T08:49:49.000Z,20000000,10000,₹,1800,,2,2,,2,Kanpur,3,"Kanpur, Uttar Pradesh",2000,,12800,
41491171,2026-03-07T05:49:35.000Z,6000000,4959,₹,,,,2,,10,Kanpur,3,"Kanpur, Uttar Pradesh",1210,,12800,
81139065,2026-01-10T21:30:42.000Z,12100000,20167,₹,,12850,,1,,,Kanpur,2,"Kanpur, Uttar Pradesh",600,,12800,
45089649,2026-02-09T05:06:56.000Z,5000000,4325,₹,1156,,2,2,,4,Kanpur,3,"Kanpur, Uttar Pradesh",1156,,12800,
69916147,2026-03-09T22:30:35.000Z,4000000,46512,₹,86,,1,2,,11,Kanpur,2,"Kanpur, Uttar Pradesh",86,,12800,
67860283,2026-02-04T22:30:32.000Z,3800000,,₹,84,,,2,South,4,Kanpur,3,"Kanpur, Uttar Pradesh",,,,
57572347,2026-01-21T22:30:28.000Z,5000000,4125,₹,,,1,2,North - East,1,Kanpur,2,"Kanpur, Uttar Pradesh",1212,,12800,
56881707,2026-01-02T21:33:40.000Z,4100000,4100,₹,900,,1,2,,4,Kanpur,2,"Kanpur, Uttar Pradesh",1000,,12800,
40155737,2025-12-09T14:37:29.000Z,3500000,6375,₹,,,1,2,,5,Kanpur,2,"Kanpur, Uttar Pradesh",51,,12801,
83165121,2026-01-29T08:26:18.000Z,4800000,5053,₹,900,,1,2,South -West,10,Kanpur,2,"Kanpur, Uttar Pradesh",950,,12800,
83697537,2026-03-08T17:44:49.000Z,35000000,10958,₹,,,,3,,,Kanpur,3,"Kanpur, Uttar Pradesh",3194,,12800,
60081195,2026-03-09T09:44:05.000Z,4100000,3417,₹,1200,,3,2,,9,Kanpur,2,"Kanpur, Uttar Pradesh",1200,,12800,
65822875,2026-03-07T21:32:56.000Z,12500000,,₹,155,,1,2,,2,Kanpur,2,"Kanpur, Uttar Pradesh",,,,
81354687,2026-03-06T23:32:00.000Z,3900000,4333,₹,900,,1,2,East,3,Kanpur,2,"Kanpur, Uttar Pradesh",900,,12800,
49037881,2026-01-22T21:33:18.000Z,4700000,3760,₹,,,,,,,Kanpur,3,"Kanpur, Uttar Pradesh",1250,,12800,
76883305,2026-03-08T22:30:30.000Z,15000000,6944,₹,,,,4,East,,Kanpur,3,"Kanpur, Uttar Pradesh",2160,,12800,
76810385,2026-03-04T16:37:28.000Z,5500000,5500,₹,,,1,2,East,4,Kanpur,2,"Kanpur, Uttar Pradesh",1000,,12800,
83672965,2026-03-06T16:40:14.000Z,6500000,5000,₹,,,,2,,5,Kanpur,3,"Kanpur, Uttar Pradesh",1300,,12800,
75405743,2026-03-09T22:30:36.000Z,6100000,4519,₹,,,,2,,2,Kanpur,2,"Kanpur, Uttar Pradesh",1350,,12800,
76749679,2026-03-07T21:33:33.000Z,7500000,,₹,1315,,4,2,,3,Kanpur,3,"Kanpur, Uttar Pradesh",,,,
81283723,2026-03-06T23:32:12.000Z,7500000,,₹,1350,,2,2,,4,Kanpur,3,"Kanpur, Uttar Pradesh",,,,
70427951,2026-02-09T10:08:16.000Z,4500000,,₹,1350,,1,3,East,3,Kanpur,3,"Kanpur, Uttar Pradesh",,,,
75427651,2026-03-04T22:30:35.000Z,6500000,5233,₹,,,1,3,,3,Kanpur,3,"Kanpur, Uttar Pradesh",138,,12803,
81815759,2026-01-04T22:30:41.000Z,3500000,,₹,600,,2,2,,3,Kanpur,2,"Kanpur, Uttar Pradesh",,,,
81850361,2026-03-10T21:33:45.000Z,2000000,,₹,900,,1,1,,,Kanpur,2,"Kanpur, Uttar Pradesh",,,,
68305957,2026-03-07T21:33:20.000Z,11000000,7333,₹,1250,,2,2,,5,Kanpur,3,"Kanpur, Uttar Pradesh",1500,,12800,
82356657,2025-11-29T06:34:11.000Z,5700000,6000,₹,900,,1,2,,4,Kanpur,2,"Kanpur, Uttar Pradesh",950,,12800,
50467596,2026-03-10T16:35:30.000Z,4450000,3296,₹,1150,,2,2,,3,Kanpur,3,"Kanpur, Uttar Pradesh",1350,,12800,
82141021,2026-01-31T22:30:34.000Z,5500000,6279,₹,876,,1,2,East,4,Kanpur,2,"Kanpur, Uttar Pradesh",876,,12800,
72074421,2026-03-11T05:32:22.000Z,6000000,6000,₹,,,,2,,4,Kanpur,3,"Kanpur, Uttar Pradesh",1000,,12800,
75719225,2025-12-18T07:08:22.000Z,5500000,4231,₹,1122,,1,2,North - West,5,Kanpur,3,"Kanpur, Uttar Pradesh",1300,,12800,
54086447,2026-03-09T13:48:19.000Z,2800000,3500,₹,,,1,2,East,3,Kanpur,2,"Kanpur, Uttar Pradesh",800,,12800,
74376999,2026-01-06T14:15:50.000Z,6000000,6000,₹,,,,2,,4,Kanpur,2,"Kanpur, Uttar Pradesh",1000,,12800,
83617857,2026-03-02T11:05:36.000Z,4500000,5488,₹,,,1,2,,10,Kanpur,2,"Kanpur, Uttar Pradesh",820,,12800,
82368601,2025-11-30T05:34:47.000Z,6500000,5462,₹,1190,,1,2,,4,Kanpur,2,"Kanpur, Uttar Pradesh",1190,,12800,
82934505,2026-01-10T16:49:00.000Z,4500000,3462,₹,620,,2,2,,,Kanpur,2,"Kanpur, Uttar Pradesh",1300,,12800,
82059293,2026-03-07T21:30:44.000Z,2900000,3867,₹,650,,2,2,South - East,3,Kanpur,2,"Kanpur, Uttar Pradesh",750,,12800,
83710047,2026-03-09T16:05:16.000Z,2500000,6250,₹,398,,1,3,,,Kanpur,3,"Kanpur, Uttar Pradesh",400,,12800,
81453669,2026-01-18T21:30:39.000Z,3500000,4667,₹,,,1,2,North,5,Kanpur,2,"Kanpur, Uttar Pradesh",750,,12800,
50706754,2026-01-21T22:30:27.000Z,6500000,4561,₹,1400,,1,2,West,3,Kanpur,3,"Kanpur, Uttar Pradesh",1425,,12800,
83509157,2026-02-22T06:27:14.000Z,2200000,6111,₹,350,,1,1,,3,Kanpur,2,"Kanpur, Uttar Pradesh",360,,12800,
82421929,2025-12-03T14:12:37.000Z,7500000,5828,₹,940,,3,2,,10,Kanpur,3,"Kanpur, Uttar Pradesh",1287,,12800,
53977253,2026-02-10T21:33:42.000Z,950000000,527778,₹,,,,2,,1,Kanpur,3,"Kanpur, Uttar Pradesh",200,,12803,
77681535,2026-03-09T21:33:19.000Z,4500000,3750,₹,,,,2,,3,Kanpur,3,"Kanpur, Uttar Pradesh",1200,,12800,
83720271,2026-03-10T11:20:59.000Z,6600000,6000,₹,,,,2,,11,Kanpur,2,"Kanpur, Uttar Pradesh",1100,,12800,
68852163,2026-03-06T22:30:37.000Z,6000000,10909,₹,550,,1,1,,2,Kanpur,3,"Kanpur, Uttar Pradesh",550,,12800,
62785621,2025-12-26T21:30:40.000Z,3800000,4750,₹,750,,1,2,,5,Kanpur,2,"Kanpur, Uttar Pradesh",800,,12800,
66981485,2026-03-11T17:32:37.000Z,4500000,,₹,110,,2,2,,10,Kanpur,2,"Kanpur, Uttar Pradesh",,,,
74027461,2026-03-08T06:23:05.000Z,7700000,,₹,1585,,4,2,,9,Kanpur,3,"Kanpur, Uttar Pradesh",,,,
68520727,2026-02-26T21:33:18.000Z,9500000,9091,₹,,,1,3,North - East,3,Kanpur,3,"Kanpur, Uttar Pradesh",1045,,12800,
77909237,2026-03-05T22:30:42.000Z,14000000,11667,₹,1510,,,2,,2,Kanpur,3,"Kanpur, Uttar Pradesh",1200,,12800,
83273343,2026-02-05T10:47:37.000Z,6800000,5667,₹,1044,,1,2,,3,Kanpur,3,"Kanpur, Uttar Pradesh",1200,,12800,
77832395,2026-02-27T21:32:59.000Z,6400000,4414,₹,1350,,1,3,,4,Kanpur,3,"Kanpur, Uttar Pradesh",1450,,12800,
69695997,2026-02-10T21:30:43.000Z,9000000,6792,₹,,,,2,,6,Kanpur,2,"Kanpur, Uttar Pradesh",1325,,12800,
74839915,2026-01-24T07:20:44.000Z,4000000,5333,₹,,,,2,,4,Kanpur,2,"Kanpur, Uttar Pradesh",750,,12800,
83336637,2026-02-10T02:54:01.000Z,5500000,4231,₹,1050,,2,2,East,8,Kanpur,2,"Kanpur, Uttar Pradesh",1300,,12800,
82471095,2026-03-01T22:30:34.000Z,12000000,8889,₹,1150,,1,2,,4,Kanpur,3,"Kanpur, Uttar Pradesh",1350,,12800,
79193291,2026-01-16T04:42:06.000Z,6000000,5455,₹,,,,2,,4,Kanpur,3,"Kanpur, Uttar Pradesh",1100,,12800,
74593063,2026-02-25T21:31:58.000Z,3500000,3889,₹,,,1,2,West,6,Kanpur,2,"Kanpur, Uttar Pradesh",900,,12800,
38605503,2026-03-01T16:31:19.000Z,6100000,3486,₹,,,,2,,4,Kanpur,3,"Kanpur, Uttar Pradesh",1750,,12800,
83183401,2026-01-30T10:55:42.000Z,6000000,500,₹,1000,,1,2,,,Kanpur,3,"Kanpur, Uttar Pradesh",,,12800,
67834157,2026-03-02T09:05:38.000Z,4000000,3333,₹,,,,,,,Kanpur,2,"Kanpur, Uttar Pradesh",1200,,12800,
81194567,2026-01-15T03:42:40.000Z,4200000,4667,₹,,,,2,,4,Kanpur,2,"Kanpur, Uttar Pradesh",900,,12800,
75150199,2026-02-24T22:30:41.000Z,7500000,18750,₹,,,,3,,,Kanpur,3,"Kanpur, Uttar Pradesh",400,,12800,
81777743,2026-02-02T22:30:35.000Z,8000000,8889,₹,,12850,1,3,East,,Kanpur,3,"Kanpur, Uttar Pradesh",900,,12800,
81189463,2026-02-26T22:30:35.000Z,7000000,5600,₹,1250,,2,2,,3,Kanpur,3,"Kanpur, Uttar Pradesh",1250,,12800,
64902603,2026-02-27T13:25:07.000Z,9500000,7877,₹,970,,,2,,,Kanpur,3,"Kanpur, Uttar Pradesh",1206,,12800,
70195099,2026-03-03T18:13:09.000Z,3800000,,₹,1100,,,2,,4,Kanpur,2,"Kanpur, Uttar Pradesh",,,,
83559995,2026-02-26T06:27:17.000Z,7500000,5769,₹,1060,,3,2,,3,Kanpur,3,"Kanpur, Uttar Pradesh",1300,,12800,
79204603,2026-02-16T16:54:15.000Z,11000000,8148,₹,,,,2,,3,Kanpur,3,"Kanpur, Uttar Pradesh",1350,,12800,
82325875,2025-11-27T03:35:49.000Z,3700000,8222,₹,450,,3,3,North,,Kanpur,3,"Kanpur, Uttar Pradesh",450,,12800,
79678871,2026-01-12T05:55:50.000Z,7000000,4711,₹,,,,2,,4,Kanpur,3,"Kanpur, Uttar Pradesh",1486,,12800,
75643835,2026-02-23T03:13:58.000Z,2000000,3333,₹,600,,,1,,4,Kanpur,2,"Kanpur, Uttar Pradesh",600,,12800,
83486935,2026-02-20T09:02:46.000Z,4500000,3692,₹,,,,2,,18,Kanpur,2,"Kanpur, Uttar Pradesh",1219,,12800,
80512489,2025-11-28T22:30:37.000Z,14500000,9290,₹,145,,1,3,North - East,1,Kanpur,3,"Kanpur, Uttar Pradesh",145,,12801,
15958814,2026-03-04T14:35:01.000Z,1900000,3756,₹,,,,1,,,Kanpur,3,"Kanpur, Uttar Pradesh",47,,12801,
46909221,2026-02-24T21:32:54.000Z,3501000,2918,₹,,,,2,,1,Kanpur,2,"Kanpur, Uttar Pradesh",1200,,12800,
83588513,2026-02-28T04:41:01.000Z,13000000,9559,₹,1180,,2,2,,11,Kanpur,3,"Kanpur, Uttar Pradesh",1360,,12800,
58589805,2026-03-05T17:33:57.000Z,8500000,6071,₹,1600,,2,2,North,3,Kanpur,3,"Kanpur, Uttar Pradesh",1400,,12800,
82851371,2026-03-02T22:30:41.000Z,5200000,8626,₹,56,,2,2,North,,Kanpur,3,"Kanpur, Uttar Pradesh",56,,12801,
83477751,2026-02-19T13:11:42.000Z,8700000,4579,₹,1044,,,2,,3,Kanpur,2,"Kanpur, Uttar Pradesh",1900,,12800,
71570927,2026-03-04T06:28:14.000Z,5000000,4000,₹,,,,2,,6,Kanpur,3,"Kanpur, Uttar Pradesh",1250,,12800,
82027905,2026-01-13T22:30:33.000Z,17000000,9444,₹,200,,1,2,North,,Kanpur,3,"Kanpur, Uttar Pradesh",200,,12803,
26037729,2026-03-03T18:13:01.000Z,4500000,5000,₹,,12850,,1,,,Kanpur,2,"Kanpur, Uttar Pradesh",900,,12800,
82644285,2025-12-19T08:05:55.000Z,3600000,2880,₹,,,,2,,,Kanpur,3,"Kanpur, Uttar Pradesh",1250,,12800,
83622737,2026-03-03T05:01:18.000Z,5000000,19231,₹,24,,2,3,,,Kanpur,2,"Kanpur, Uttar Pradesh",260,,12800,
81564807,2026-01-10T04:12:06.000Z,4500000,5625,₹,800,,1,2,North,3,Kanpur,2,"Kanpur, Uttar Pradesh",800,,12800,
62355889,2026-02-16T22:30:35.000Z,4500000,4091,₹,,,,2,,6,Kanpur,2,"Kanpur, Uttar Pradesh",1100,,12800,
82120517,2025-11-11T11:55:26.000Z,4200000,5250,₹,,,,2,,4,Kanpur,2,"Kanpur, Uttar Pradesh",800,,12800,
83642065,2026-03-05T05:21:09.000Z,5653000,5653,₹,,,,3,,,Kanpur,2,"Kanpur, Uttar Pradesh",1000,,12800,
83401963,2026-02-13T22:44:48.000Z,245000,405,₹,,,,1,,4,Kanpur,2,"Kanpur, Uttar Pradesh",605,,12800,
69254951,2026-02-15T22:30:27.000Z,4300000,4903,₹,100,,1,2,,5,Kanpur,3,"Kanpur, Uttar Pradesh",877,,12800,
69161145,2025-12-27T14:23:38.000Z,3600000,3789,₹,1000,12852,,2,North - West,3,Kanpur,2,"Kanpur, Uttar Pradesh",950,,12800,
79239691,2026-02-01T21:33:06.000Z,2200000,3296,₹,,,,,,,Kanpur,2,"Kanpur, Uttar Pradesh",62,,12801,
79236659,2025-11-16T22:30:40.000Z,5000000,7937,₹,,,,2,,2,Kanpur,3,"Kanpur, Uttar Pradesh",70,,12803,
80297141,2025-11-18T17:17:17.000Z,12200000,9037,₹,,,,2,,4,Kanpur,3,"Kanpur, Uttar Pradesh",1350,,12800,
79260327,2026-02-05T21:30:41.000Z,6500000,5000,₹,,,,2,,5,Kanpur,3,"Kanpur, Uttar Pradesh",1300,,12800,
80315837,2025-11-12T21:30:15.000Z,3400000,45333,₹,75,,1,2,,3,Kanpur,2,"Kanpur, Uttar Pradesh",75,,12800,
81701401,2026-02-22T17:13:39.000Z,9500000,5994,₹,1525,,4,2,,14,Kanpur,3,"Kanpur, Uttar Pradesh",1585,,12800,
69698831,2025-12-17T08:43:54.000Z,3500000,8788,₹,37,,1,2,North - West,2,Kanpur,2,"Kanpur, Uttar Pradesh",37,,12801,
81703465,2026-02-20T21:30:45.000Z,3000000,5128,₹,,,,1,,3,Kanpur,3,"Kanpur, Uttar Pradesh",65,,12803,
56364875,2025-12-15T08:18:13.000Z,10000000,5556,₹,,,,2,,1,Kanpur,3,"Kanpur, Uttar Pradesh",1800,,12800,
83926109,2026-03-24T12:20:38.000Z,6000000,5720,₹,840,,2,2,,8,Kanpur,2,"Kanpur, Uttar Pradesh",1049,,12800,
81080711,2025-11-23T22:30:37.000Z,5500000,7333,₹,,,,2,,,Kanpur,3,"Kanpur, Uttar Pradesh",750,,12800,
82484911,2025-12-08T06:46:41.000Z,4300000,5375,₹,600,,3,2,,3,Kanpur,2,"Kanpur, Uttar Pradesh",800,,12800,
79214179,2026-01-29T04:14:57.000Z,3600000,4800,₹,,,,2,,4,Kanpur,2,"Kanpur, Uttar Pradesh",750,,12800,
83336229,2026-02-09T19:34:32.000Z,3999999,,₹,900,,1,2,,5,Kanpur,2,"Kanpur, Uttar Pradesh",,,,
82766567,2025-12-30T05:55:16.000Z,5000000,4149,₹,,12850,,2,,,Kanpur,2,"Kanpur, Uttar Pradesh",,,,
74492371,2026-02-04T14:05:20.000Z,4500000,5000,₹,800,,1,2,South,4,Kanpur,3,"Kanpur, Uttar Pradesh",900,,12800,
81623733,2026-02-17T06:56:58.000Z,9500000,,₹,1350,,2,2,North,4,Kanpur,3,"Kanpur, Uttar Pradesh",,,,
63407543,2025-11-30T16:45:11.000Z,3500000,6272,₹,,,,1,East,2,Kanpur,2,"Kanpur, Uttar Pradesh",62,,12803,
74489703,2026-01-19T07:10:51.000Z,6000000,6316,₹,,,,2,,8,Kanpur,2,"Kanpur, Uttar Pradesh",950,,12800,
83318571,2026-02-08T14:21:46.000Z,12000000,8811,₹,1362,,1,2,,2,Kanpur,3,"Kanpur, Uttar Pradesh",1362,,12800,
82732279,2025-12-26T11:28:52.000Z,8200000,5655,₹,,,,3,,5,Kanpur,3,"Kanpur, Uttar Pradesh",1450,,12800,
79068873,2026-01-19T05:13:24.000Z,13500000,12408,₹,,,,2,,,Kanpur,2,"Kanpur, Uttar Pradesh",1088,,12800,
80176727,2026-01-01T05:49:55.000Z,5500000,4661,₹,980,,2,2,,14,Kanpur,2,"Kanpur, Uttar Pradesh",1180,,12800,
37648493,2026-01-02T21:33:13.000Z,5100000,3728,₹,1368,,2,2,North,2,Kanpur,3,"Kanpur, Uttar Pradesh",1368,,12800,
37247185,2025-11-27T13:38:39.000Z,5200000,3714,₹,,,2,3,,,Kanpur,3,"Kanpur, Uttar Pradesh",1400,,12800,
80249381,2025-11-13T06:34:49.000Z,3600000,10451,₹,32,,,1,,,Kanpur,2,"Kanpur, Uttar Pradesh",32,,12801,
55705725,2025-11-26T13:02:51.000Z,350000,1204,₹,,,,1,,1,Kanpur,2,"Kanpur, Uttar Pradesh",27,,12801,
69503491,2026-02-07T16:53:28.000Z,4800000,6000,₹,,,,2,,4,Kanpur,2,"Kanpur, Uttar Pradesh",800,,12800,
80252521,2025-12-25T21:30:42.000Z,4200000,3889,₹,1080,,2,2,,4,Kanpur,2,"Kanpur, Uttar Pradesh",1080,,12800,
63835313,2025-12-08T13:55:32.000Z,5500000,5789,₹,,,,2,,5,Kanpur,2,"Kanpur, Uttar Pradesh",950,,12800,
55473975,2025-12-27T17:15:17.000Z,9000000,6677,₹,1248,,2,1,,,Kanpur,3,"Kanpur, Uttar Pradesh",1348,,12800,
69456017,2025-12-11T12:44:07.000Z,16200000,9000,₹,,,,3,,4,Kanpur,3,"Kanpur, Uttar Pradesh",1800,,12800,
81106955,2026-01-11T04:09:55.000Z,6500000,3824,₹,1200,,1,2,,,Kanpur,2,"Kanpur, Uttar Pradesh",1700,,12800,
69472353,2026-01-20T22:30:24.000Z,3000000,3750,₹,,,1,1,,,Kanpur,2,"Kanpur, Uttar Pradesh",800,,12800,
79174415,2026-02-10T18:19:10.000Z,5700000,4071,₹,,,,,,,Kanpur,3,"Kanpur, Uttar Pradesh",1400,,12800,
83015793,2026-01-17T09:35:26.000Z,5000000,4167,₹,,,,1,,4,Kanpur,3,"Kanpur, Uttar Pradesh",1200,,12800,
76034151,2026-01-22T21:30:46.000Z,6150000,4393,₹,200000,,2,2,East,4,Kanpur,3,"Kanpur, Uttar Pradesh",1400,,12800,
81048575,2026-02-04T21:33:11.000Z,6500000,4815,₹,1200,,1,2,,5,Kanpur,3,"Kanpur, Uttar Pradesh",1350,,12800,
83015751,2026-01-17T09:32:11.000Z,7500000,6000,₹,,,,2,,3,Kanpur,3,"Kanpur, Uttar Pradesh",1250,,12800,
78015971,2025-11-26T13:03:20.000Z,6000000,4615,₹,,,,,,,Kanpur,3,"Kanpur, Uttar Pradesh",1300,,12800,
80285679,2025-11-16T17:52:37.000Z,4000000,5128,₹,,,,2,,5,Kanpur,2,"Kanpur, Uttar Pradesh",780,,12800,
69553755,2025-12-22T10:17:59.000Z,16000000,11852,₹,,,1,1,North - East,2,Kanpur,3,"Kanpur, Uttar Pradesh",1350,,12800,
75976451,2025-12-21T23:36:07.000Z,3000000,3333,₹,700,,2,2,,4,Kanpur,2,"Kanpur, Uttar Pradesh",900,,12800,
74599245,2025-11-27T21:33:38.000Z,6000000,5450,₹,987,,2,2,North,3,Kanpur,3,"Kanpur, Uttar Pradesh",1101,,12800,
72350651,2026-01-30T03:54:51.000Z,13500000,9000,₹,1400,,3,2,North - East,13,Kanpur,3,"Kanpur, Uttar Pradesh",1500,,12800,
69363959,2026-01-29T21:30:48.000Z,9000000,,₹,1100,,1,3,,3,Kanpur,3,"Kanpur, Uttar Pradesh",,,,
83439709,2026-02-17T06:45:04.000Z,2500000,5556,₹,432,,2,2,,2,Kanpur,2,"Kanpur, Uttar Pradesh",450,,12800,
80228583,2025-12-17T17:17:08.000Z,5900000,,₹,1200,,3,2,East,3,Kanpur,3,"Kanpur, Uttar Pradesh",,,,
74595199,2026-02-02T07:21:44.000Z,2300000,3194,₹,,,,2,,1,Kanpur,3,"Kanpur, Uttar Pradesh",720,,12800,
63815613,2026-01-13T09:17:35.000Z,2500000,3333,₹,650,,1,1,North - West,3,Kanpur,2,"Kanpur, Uttar Pradesh",750,,12800,
79129147,2025-11-27T13:39:18.000Z,13800000,6798,₹,,,3,3,,12,Kanpur,3,"Kanpur, Uttar Pradesh",2030,,12800,
69395865,2026-01-25T21:32:54.000Z,3000000,8333,₹,,,4,3,,,Kanpur,2,"Kanpur, Uttar Pradesh",360,,12800,
80233507,2025-11-12T06:19:42.000Z,2500000,3571,₹,,,,2,,,Kanpur,2,"Kanpur, Uttar Pradesh",700,,12800,
80232823,2025-11-12T06:19:43.000Z,6000000,,₹,1200,,3,2,North,9,Kanpur,2,"Kanpur, Uttar Pradesh",,,,
75983647,2026-01-29T04:24:49.000Z,7500000,7500,₹,,,1,2,,7,Kanpur,3,"Kanpur, Uttar Pradesh",1000,,12800,
74614015,2026-01-12T04:28:23.000Z,9000000,5432,₹,1065,,2,2,,4,Kanpur,3,"Kanpur, Uttar Pradesh",1657,,12800,
83188669,2026-01-30T16:35:02.000Z,11500000,7511,₹,1300,,3,2,East,14,Kanpur,3,"Kanpur, Uttar Pradesh",1531,,12800,
56250819,2026-01-27T22:30:36.000Z,5500000,4583,₹,,,1,2,,1,Kanpur,2,"Kanpur, Uttar Pradesh",1200,,12800,
80292875,2025-11-16T17:52:40.000Z,9900000,5824,₹,,,,3,,5,Kanpur,3,"Kanpur, Uttar Pradesh",1700,,12800,
77932909,2026-02-07T10:41:07.000Z,5000000,3704,₹,,,,2,,4,Kanpur,3,"Kanpur, Uttar Pradesh",1350,,12800,
69327491,2026-01-16T22:30:21.000Z,2000000,3086,₹,,,,2,,,Kanpur,3,"Kanpur, Uttar Pradesh",72,,12803,
82456967,2025-12-05T14:30:51.000Z,8500000,6159,₹,1150,,2,2,,3,Kanpur,3,"Kanpur, Uttar Pradesh",1380,,12800,
72287127,2025-11-13T22:30:35.000Z,31000000,,₹,3200,,1,3,,1,Kanpur,3,"Kanpur, Uttar Pradesh",,,,
82740377,2025-12-27T08:10:44.000Z,7500000,4167,₹,1400,,,1,,,Kanpur,2,"Kanpur, Uttar Pradesh",1800,,12800,
80214987,2025-11-18T17:17:15.000Z,4500000,3333,₹,,,,2,,2,Kanpur,3,"Kanpur, Uttar Pradesh",1350,,12800,
82458521,2025-12-05T19:12:00.000Z,5500000,,₹,55,,,2,,,Kanpur,3,"Kanpur, Uttar Pradesh",,,,
80940829,2025-12-27T21:30:39.000Z,31000000,10469,₹,2850,,1,2,,1,Kanpur,3,"Kanpur, Uttar Pradesh",2961,,12800,
82986001,2026-01-15T06:09:45.000Z,9000000,5000,₹,,,,3,,1,Kanpur,3,"Kanpur, Uttar Pradesh",1800,,12800,
81609333,2026-02-10T21:30:38.000Z,7500000,6148,₹,860,,3,2,South,10,Kanpur,2,"Kanpur, Uttar Pradesh",1220,,12800,
82149087,2025-11-13T08:26:52.000Z,9500000,5278,₹,1800,,,1,South - East,,Kanpur,2,"Kanpur, Uttar Pradesh",1800,,12800,
82985449,2026-01-15T05:39:07.000Z,3500000,,₹,1350,,2,2,North - West,4,Kanpur,2,"Kanpur, Uttar Pradesh",,,,
82147599,2025-11-13T07:25:42.000Z,4500000,4167,₹,,,,2,,4,Kanpur,2,"Kanpur, Uttar Pradesh",1080,,12800,
63205527,2025-12-30T21:30:43.000Z,3500000,0,₹,,,1,2,East,4,Kanpur,2,"Kanpur, Uttar Pradesh",900,,12809,
75763261,2026-01-27T17:29:46.000Z,8000000,8081,₹,786,,2,2,North - East,8,Kanpur,2,"Kanpur, Uttar Pradesh",990,,12800,
82197697,2025-11-17T05:13:43.000Z,12500000,8621,₹,,,,2,,4,Kanpur,3,"Kanpur, Uttar Pradesh",1450,,12800,
75084933,2026-02-07T12:04:55.000Z,5500000,5864,₹,900,,1,2,,,Kanpur,2,"Kanpur, Uttar Pradesh",938,,12800,
72852983,2025-11-23T16:15:38.000Z,10000000,10000,₹,,,,2,,14,Kanpur,3,"Kanpur, Uttar Pradesh",1000,,12800,
69895203,2026-02-07T07:53:02.000Z,7000000,,₹,1600,,3,2,,3,Kanpur,3,"Kanpur, Uttar Pradesh",,,,
83044259,2026-01-19T19:01:27.000Z,5000000,7564,₹,450,,1,2,North,4,Kanpur,2,"Kanpur, Uttar Pradesh",661,,12800,
57035823,2025-12-31T22:30:34.000Z,4000000,6349,₹,,,,2,,4,Kanpur,2,"Kanpur, Uttar Pradesh",70,,12803,
57034171,2025-12-11T22:30:29.000Z,3300000,2750,₹,,,1,2,East,5,Kanpur,2,"Kanpur, Uttar Pradesh",1200,,12800,
43402833,2025-11-13T13:04:51.000Z,9000000,5556,₹,1550,,3,2,North - East,3,Kanpur,3,"Kanpur, Uttar Pradesh",1620,,12800,
70115795,2025-12-13T21:33:27.000Z,4000000,3636,₹,1100,,2,2,North,3,Kanpur,3,"Kanpur, Uttar Pradesh",1100,,12800,
82810851,2026-01-02T19:43:55.000Z,3500000,,₹,900,,1,2,,4,Kanpur,3,"Kanpur, Uttar Pradesh",,,,
76470435,2026-01-24T21:33:13.000Z,7000000,4828,₹,1000,,1,2,North,3,Kanpur,3,"Kanpur, Uttar Pradesh",1450,,12800,
76482959,2026-01-03T23:40:48.000Z,6800000,5037,₹,,,2,2,North - East,4,Kanpur,3,"Kanpur, Uttar Pradesh",1350,,12800,
82210827,2025-11-18T03:55:22.000Z,10000000,9091,₹,,,,2,,4,Kanpur,3,"Kanpur, Uttar Pradesh",1100,,12800,
57470899,2026-02-21T21:33:12.000Z,25000000,9259,₹,2000,,,2,East,1,Kanpur,3,"Kanpur, Uttar Pradesh",2700,,12800,
82800393,2026-01-02T08:22:43.000Z,20500000,11389,₹,1400,,,2,East,,Kanpur,3,"Kanpur, Uttar Pradesh",1800,,12800,
65154683,2025-12-03T21:33:19.000Z,5500000,4645,₹,,,1,3,East,10,Kanpur,3,"Kanpur, Uttar Pradesh",110,,12801,
76574865,2026-02-01T10:51:18.000Z,3000000,1579,₹,1200,,1,3,,,Kanpur,3,"Kanpur, Uttar Pradesh",1900,,12800,
82819665,2026-01-03T10:10:25.000Z,4000000,5717,₹,61,,2,2,,4,Kanpur,3,"Kanpur, Uttar Pradesh",65,,12801,
79456023,2026-01-05T23:38:02.000Z,8000000,4831,₹,,,3,3,,4,Kanpur,3,"Kanpur, Uttar Pradesh",1656,,12800,
70158835,2025-12-18T15:16:57.000Z,1800000,,₹,63,,1,2,,4,Kanpur,3,"Kanpur, Uttar Pradesh",,,,
44594793,2026-01-16T21:34:00.000Z,5500000,4231,₹,,,,2,,4,Kanpur,3,"Kanpur, Uttar Pradesh",1300,,12800,
83202569,2026-02-01T03:11:16.000Z,8800000,5714,₹,,,3,3,,11,Kanpur,3,"Kanpur, Uttar Pradesh",1540,,12800,
79264323,2026-01-15T22:30:38.000Z,5200000,,₹,1005,,3,2,East,10,Kanpur,2,"Kanpur, Uttar Pradesh",,,,
82793991,2026-01-02T04:01:57.000Z,3500000,3704,₹,,,,3,,4,Kanpur,3,"Kanpur, Uttar Pradesh",105,,12803,
81149951,2026-01-11T21:30:38.000Z,20500000,12654,₹,,,,2,,,Kanpur,3,"Kanpur, Uttar Pradesh",1620,,12800,
83210541,2026-02-01T16:29:01.000Z,9500000,8772,₹,813,,2,2,East,12,Kanpur,2,"Kanpur, Uttar Pradesh",1083,,12800,
57685981,2025-12-10T04:41:01.000Z,3300000,,₹,1100,,1,2,,4,Kanpur,3,"Kanpur, Uttar Pradesh",,,,
83056043,2026-01-20T12:50:12.000Z,15000000,11111,₹,,,,3,,4,Kanpur,3,"Kanpur, Uttar Pradesh",1350,,12800,
64971429,2025-12-11T06:46:57.000Z,5200000,3852,₹,,,,3,,5,Kanpur,3,"Kanpur, Uttar Pradesh",1350,,12800,
70069245,2026-02-09T05:19:49.000Z,4000000,,₹,1000,,1,2,,4,Kanpur,2,"Kanpur, Uttar Pradesh",,,,
79404075,2026-01-26T14:05:59.000Z,8000000,4444,₹,,,1,2,North - East,3,Kanpur,3,"Kanpur, Uttar Pradesh",1800,,12800,